,text,merged_entities
0,i think there needs to be an expansion. one quarter of counseling is not enough to develop a relationship with a therapist. ,"[{'start': 0, 'end': 39, 'aspects': ['Service Availability'], 'sentiments': ['Negative'], 'raw_labels': ['Service Availability - Suggestion', 'Service Availability - Suggestion']}, {'start': 40, 'end': 124, 'aspects': ['Service Availability'], 'sentiments': ['Negative'], 'raw_labels': ['Counseling Service - Limitation', 'Service Availability - Limitation', 'Service Availability - Negative']}]"
1,not too sure. don't have a ton of exposure to on campus counseling ,"[{'start': 0, 'end': 66, 'aspects': ['On-campus Service'], 'sentiments': ['Neutral'], 'raw_labels': ['Counseling Service - Neutral', 'On-campus Service - Neutral', 'On-campus Service - Neutral']}]"
2,i have looked at group counseling but they are still remote. i am tired of remote and don't want it simple because it's remote. if it were in person i would definitely go to group therapy.,"[{'start': 61, 'end': 188, 'aspects': ['Therapy Service'], 'sentiments': ['Negative'], 'raw_label': 'Therapy Service - Negative'}]"
3,"not much in my opinion i’d working well. i think the diversity needs to increase for the counselors available, there really needs to be an increase in counselors too since scheduling is so limited and it could take weeks to get an appointment.","[{'start': 40, 'end': 110, 'aspects': ['Counseling Service'], 'sentiments': ['Negative'], 'raw_labels': ['Counseling Service - Suggestion', 'Counseling Service - Suggestion', 'Counseling Service - Positive']}, {'start': 111, 'end': 243, 'aspects': ['Service Availability'], 'sentiments': ['Negative'], 'raw_labels': ['Service Availability - Suggestion', 'Service Availability - Suggestion']}]"
4,"the group sessions for stress relief and meditation has worked great for me.
i believe more individual telehealth options would be great","[{'start': 0, 'end': 76, 'aspects': ['Wellness Service'], 'sentiments': ['Positive'], 'raw_labels': ['Therapy Service - Positive', 'Wellness Service - Positive', 'Wellness Service - Positive']}, {'start': 77, 'end': 136, 'aspects': [], 'sentiments': [], 'raw_labels': ['General - Suggestion', 'Counseling Service - Suggestion', 'Service Availability - Negative']}]"
5,"i am a fully online student and i wish i was able to use more telehealth services
","[{'start': 0, 'end': 81, 'aspects': ['General'], 'sentiments': ['Negative'], 'raw_label': 'General - Suggestion'}]"
6,"access to counselors is simple (from my experience), but more counselors are needed for general outreach before students are in crisis.","[{'start': 0, 'end': 51, 'aspects': ['Service Availability'], 'sentiments': ['Positive'], 'raw_labels': ['Service Availability - Positive', 'Service Availability - Positive']}, {'start': 53, 'end': 135, 'aspects': [], 'sentiments': [], 'raw_labels': ['Counseling Service - Suggestion', 'Service Availability - Suggestion']}]"
7,the counseling center is just burdened with the amount of students that need help. it's simply the volume of students that need help. the services aren't even that bad if they were just able to reach more people. ,"[{'start': 0, 'end': 82, 'aspects': ['On-campus Service'], 'sentiments': ['Negative'], 'raw_labels': ['Counseling Service - Negative', 'On-campus Service - Limitation', 'On-campus Service - Negative']}, {'start': 82, 'end': 133, 'aspects': [], 'sentiments': [], 'raw_labels': ['General - Negative', 'Service Availability - Negative']}, {'start': 133, 'end': 167, 'aspects': [], 'sentiments': [], 'raw_labels': ['Counseling Service - Positive', 'On-campus Service - Positive']}, {'start': 168, 'end': 213, 'aspects': ['Service Availability'], 'sentiments': ['Negative'], 'raw_labels': ['Service Availability - Limitation', 'Service Availability - Negative']}]"
8,"i believe that for many, the addition of having 6 1 hour therapy sessions is helpful for short term help","[{'start': 0, 'end': 104, 'aspects': ['Therapy Service'], 'sentiments': ['Positive'], 'raw_labels': ['Therapy Service - Positive', 'Therapy Service - Positive']}]"
9,"many students base assumptions on all staff based off of how we interact with the more common employees. everyone who works at the front desk is very polite and helpful. but me and many of my (typically female-identifying) peers have felt unsafe, judged, and nervous around and with the nurses in bishop wellness center. they tell you rudely all of the things you could have done to avoid this problem rather than assisting us with the problem now. ","[{'start': 105, 'end': 169, 'aspects': ['General'], 'sentiments': ['Positive'], 'raw_labels': ['General - Positive', 'On-campus Service - Positive', 'General - Positive']}, {'start': 170, 'end': 321, 'aspects': ['Wellness Service'], 'sentiments': ['Negative'], 'raw_labels': ['Wellness Service - Negative', 'Wellness Service - Negative']}]"
10,i have used the resources at the wellness center for my mental health even before the pandemic and i think it needs help especially sense what happened last semester ,"[{'start': 99, 'end': 165, 'aspects': ['General'], 'sentiments': ['Negative'], 'raw_label': 'General - Suggestion'}]"
11,the therapy sessions offered are not enough. they are always full and i am unable to ever book a session when i need it most. ,"[{'start': 0, 'end': 44, 'aspects': ['Therapy Service'], 'sentiments': ['Negative'], 'raw_labels': ['Therapy Service - Limitation', 'Therapy Service - Negative', 'Therapy Service - Negative']}, {'start': 45, 'end': 126, 'aspects': ['Service Availability'], 'sentiments': ['Negative'], 'raw_labels': ['Service Availability - Negative', 'Service Availability - Limitation', 'Service Availability - Negative']}]"
12,i’m not sure of any sort of mental health services my school offers,"[{'start': 0, 'end': 67, 'aspects': ['General'], 'sentiments': ['Neutral'], 'raw_labels': ['General - Neutral', 'General - Limitation', 'General - Neutral']}]"
13,more checking in on students’ mental health and easy access to resources,"[{'start': 0, 'end': 44, 'aspects': ['Mental Health Service'], 'sentiments': ['Negative'], 'raw_labels': ['Mental Health Service - Suggestion', 'Wellness Service - Suggestion', 'Mental Health Service - Negative']}, {'start': 48, 'end': 72, 'aspects': ['Service Availability'], 'sentiments': ['Negative'], 'raw_labels': ['Service Availability - Suggestion', 'Service Availability - Limitation', 'Service Availability - Negative']}]"
14,our therapists need to be more responsible and make more of an effort to reach out to their patients ,"[{'start': 0, 'end': 101, 'aspects': ['Therapy Service'], 'sentiments': ['Negative'], 'raw_labels': ['Therapy Service - Suggestion', 'Therapy Service - Suggestion', 'Therapy Service - Negative']}]"
15,"i would not describe any of it as working well. tedium and bureaucracy abound. six complementary sessions with a provider per academic year isn't enough. general poor communication/knowledge of what's available. met with a case manager once who quit or retired (unclear which) before a second meeting so i had to do the bulk of the intake stuff again. that case manager referred me to services that a therapist providing services through caps didn't know about. all this said, it's not clear to me if these problems are unique to my college, because as best i can tell nobody working in mental health has a good picture of the field. ","[{'start': 79, 'end': 153, 'aspects': ['Service Availability'], 'sentiments': ['Negative'], 'raw_labels': ['Service Availability - Limitation', 'Service Availability - Limitation', 'Service Availability - Negative']}, {'start': 154, 'end': 211, 'aspects': ['Service Availability'], 'sentiments': ['Negative'], 'raw_labels': ['Service Availability - Negative', 'Service Availability - Limitation']}, {'start': 542, 'end': 633, 'aspects': [], 'sentiments': [], 'raw_labels': ['General - Negative', 'Mental Health Service - Negative']}, {'start': 0, 'end': 47, 'aspects': ['On-campus Service'], 'sentiments': ['Negative'], 'raw_labels': ['On-campus Service - Negative', 'On-campus Service - Negative']}, {'start': 47, 'end': 78, 'aspects': ['General'], 'sentiments': ['Negative'], 'raw_labels': ['General - Negative', 'General - Negative']}]"
16,they do a good job providing training with where to access and how to provide service.,"[{'start': 0, 'end': 86, 'aspects': ['Service Availability'], 'sentiments': ['Positive'], 'raw_labels': ['Service Availability - Positive', 'On-campus Service - Positive', 'Service Availability - Positive']}]"
17,"well: constantly reminding students of caps, focus on students with poor mental health, lots of opportunities to seek help
poor: limited focus on maintaining good mental health in students","[{'start': 6, 'end': 43, 'aspects': ['On-campus Service'], 'sentiments': ['Positive'], 'raw_label': 'On-campus Service - Positive'}, {'start': 45, 'end': 87, 'aspects': ['Mental Health Service'], 'sentiments': ['Positive'], 'raw_label': 'Mental Health Service - Positive'}, {'start': 88, 'end': 122, 'aspects': ['Service Availability'], 'sentiments': ['Positive'], 'raw_label': 'Service Availability - Positive'}, {'start': 129, 'end': 188, 'aspects': ['Mental Health Service'], 'sentiments': ['Negative'], 'raw_label': 'Mental Health Service - Negative'}]"
18,"what’s working wel is they’re heavily connected with external sources. however, i do think they need to hire more psychiatrists so that people can quickly go through real treatment and be prescribed medication. ","[{'start': 0, 'end': 70, 'aspects': ['On-campus Service'], 'sentiments': ['Positive'], 'raw_labels': ['General - Positive', 'On-campus Service - Positive', 'On-campus Service - Positive']}, {'start': 70, 'end': 211, 'aspects': ['Service Availability'], 'sentiments': ['Negative'], 'raw_labels': ['Service Availability - Suggestion', 'Service Availability - Limitation', 'Service Availability - Suggestion']}]"
19,"last semester, there was a time where dogs were brought to the library to de-stress around finals. i thought it was nice, but there should be things open for the entire semester/year and be open for everyone, without anything possibly restricting them, such as a dog allergy ","[{'start': 15, 'end': 98, 'aspects': ['Therapy Service'], 'sentiments': ['Positive'], 'raw_label': 'Therapy Service - Positive'}, {'start': 122, 'end': 207, 'aspects': ['Therapy Service'], 'sentiments': ['Negative'], 'raw_label': 'Therapy Service - Negative'}]"
20,able to register for a counseling session and get an appt within 7-10 days,"[{'start': 0, 'end': 74, 'aspects': ['Service Availability'], 'sentiments': ['Positive'], 'raw_labels': ['Service Availability - Positive', 'Service Availability - Positive', 'Counseling Service - Positive']}]"
21,one on one counseling was working well. however this support was short term. i did it for a semester but there is not many options for support for me on campus after that semester.,"[{'start': 0, 'end': 39, 'aspects': ['Counseling Service'], 'sentiments': ['Positive'], 'raw_labels': ['Counseling Service - Positive', 'Counseling Service - Positive', 'Counseling Service - Positive']}, {'start': 40, 'end': 180, 'aspects': [], 'sentiments': [], 'raw_labels': ['Counseling Service - Limitation', 'Service Availability - Limitation']}]"
22,"i have not visited or experienced any of the facilities.
i think caps and the animals are great.","[{'start': 0, 'end': 56, 'aspects': ['General'], 'sentiments': ['Neutral'], 'raw_labels': ['General - Neutral', 'General - Neutral']}, {'start': 57, 'end': 96, 'aspects': ['On-campus Service'], 'sentiments': ['Positive'], 'raw_labels': ['General - Positive', 'On-campus Service - Positive', 'On-campus Service - Positive']}]"
23,i think there are some good options but they are not advertised well at all,"[{'start': 0, 'end': 35, 'aspects': ['On-campus Service'], 'sentiments': ['Positive'], 'raw_labels': ['General - Positive', 'On-campus Service - Positive', 'On-campus Service - Positive']}, {'start': 36, 'end': 75, 'aspects': ['On-campus Service'], 'sentiments': ['Negative'], 'raw_labels': ['Service Availability - Negative', 'On-campus Service - Limitation', 'On-campus Service - Limitation']}]"
24,"i haven't went to mental-health counseling because i take care of my mental health alone majority of the time, but i would say depression and anxiety are some major aspects of mental health that needs more attention that it already has.","[{'start': 0, 'end': 110, 'aspects': ['General'], 'sentiments': ['Neutral'], 'raw_labels': ['General - Neutral', 'General - Neutral', 'General - Neutral']}, {'start': 111, 'end': 236, 'aspects': [], 'sentiments': [], 'raw_labels': ['Mental Health Service - Negative', 'On-campus Service - Positive', 'Wellness Service - Suggestion']}]"
25,i feel like the college in general is lacking. they advertise they care but i don’t feel like it’s genuine.,"[{'start': 0, 'end': 46, 'aspects': ['General'], 'sentiments': ['Negative'], 'raw_labels': ['General - Negative', 'General - Negative', 'On-campus Service - Negative']}, {'start': 47, 'end': 107, 'aspects': [], 'sentiments': [], 'raw_labels': ['General - Negative', 'On-campus Service - Limitation']}]"
26,i think it’s a great start to have free sessions but there shouldn’t be a cap,"[{'start': 0, 'end': 48, 'aspects': [], 'sentiments': [], 'raw_labels': ['Wellness Service - Positive', 'Mental Health Service - Positive', 'Counseling Service - Positive']}, {'start': 49, 'end': 77, 'aspects': ['Service Availability'], 'sentiments': ['Negative'], 'raw_labels': ['Service Availability - Limitation', 'Service Availability - Limitation', 'Service Availability - Limitation']}]"
27,unfortunately i am not using any of the mental health/wellness services provided.,"[{'start': 0, 'end': 81, 'aspects': ['General'], 'sentiments': ['Neutral'], 'raw_labels': ['General - Neutral', 'General - Neutral', 'On-campus Service - Neutral']}]"
28,"though i have never attended, i appreciate the let's talk drop-in sessions available through my school. what might need more attention is the availability of counseling sessions, as i remember when i tried to make an appointment back in 2020 there were none available.","[{'start': 30, 'end': 103, 'aspects': ['Wellness Service'], 'sentiments': ['Positive'], 'raw_labels': ['Wellness Service - Positive', 'Wellness Service - Positive', 'On-campus Service - Positive']}, {'start': 104, 'end': 268, 'aspects': ['Service Availability'], 'sentiments': ['Negative'], 'raw_labels': ['Service Availability - Limitation', 'Service Availability - Suggestion']}]"
29,"osu’s counseling and consultation services is a complete mess. it is advertised as a therapy option, yet students in crisis aren’t able to get in for months, and the help is near useless","[{'start': 63, 'end': 186, 'aspects': ['Service Availability'], 'sentiments': ['Negative'], 'raw_labels': ['Service Availability - Negative', 'Service Availability - Limitation']}, {'start': 0, 'end': 62, 'aspects': ['Counseling Service'], 'sentiments': ['Negative'], 'raw_labels': ['Counseling Service - Limitation', 'Counseling Service - Negative']}]"
30,"caps is kinda diverse, but we could use more people because they're so slow","[{'start': 0, 'end': 22, 'aspects': ['On-campus Service'], 'sentiments': ['Positive'], 'raw_labels': ['On-campus Service - Positive', 'On-campus Service - Positive', 'On-campus Service - Positive']}, {'start': 23, 'end': 75, 'aspects': ['Service Availability'], 'sentiments': ['Negative'], 'raw_labels': ['Service Availability - Negative', 'Service Availability - Suggestion']}]"
31,not sure i can answer this question as i have not asked for any help. ,"[{'start': 0, 'end': 70, 'aspects': ['General'], 'sentiments': ['Neutral'], 'raw_labels': ['General - Neutral', 'General - Neutral', 'On-campus Service - Neutral']}]"
32,i think the counselors are good but a online thing would help as well.,"[{'start': 0, 'end': 31, 'aspects': ['Counseling Service'], 'sentiments': ['Positive'], 'raw_labels': ['Counseling Service - Positive', 'Counseling Service - Positive', 'Counseling Service - Positive']}, {'start': 32, 'end': 70, 'aspects': ['Counseling Service'], 'sentiments': ['Negative'], 'raw_labels': ['Counseling Service - Suggestion', 'Counseling Service - Suggestion', 'Counseling Service - Suggestion']}]"
33,doing more action and spending money rather than emails saying genera statements,"[{'start': 0, 'end': 80, 'aspects': ['General'], 'sentiments': ['Negative'], 'raw_label': 'General - Negative'}]"
34,i think there needs to be more diverse psychologists that can help students. also workshops that should be required for mental health,"[{'start': 0, 'end': 76, 'aspects': ['Counseling Service'], 'sentiments': ['Negative'], 'raw_labels': ['Counseling Service - Suggestion', 'Counseling Service - Suggestion', 'Counseling Service - Suggestion']}, {'start': 77, 'end': 133, 'aspects': ['Wellness Service'], 'sentiments': ['Negative'], 'raw_labels': ['Wellness Service - Suggestion', 'Wellness Service - Suggestion', 'Mental Health Service - Suggestion']}]"
35,i have never seen any sort of advertising about available mental health resources.,"[{'start': 0, 'end': 82, 'aspects': ['Service Availability'], 'sentiments': ['Negative'], 'raw_label': 'Service Availability - Negative'}]"
36,"i think everything is perfect, bucks does a great job regarding mental health.","[{'start': 0, 'end': 78, 'aspects': ['Mental Health Service'], 'sentiments': ['Positive'], 'raw_labels': ['Mental Health Service - Positive', 'Mental Health Service - Positive', 'On-campus Service - Positive']}]"
37,"i have never used any services at rctc, i seek help elsewhere.","[{'start': 0, 'end': 62, 'aspects': ['General'], 'sentiments': ['Neutral'], 'raw_labels': ['General - Neutral', 'General - Neutral', 'On-campus Service - Neutral']}]"
38,we need more zoom meetings about stress and how to handle school,"[{'start': 0, 'end': 64, 'aspects': ['Wellness Service'], 'sentiments': ['Negative'], 'raw_labels': ['Wellness Service - Suggestion', 'Wellness Service - Suggestion', 'Counseling Service - Suggestion']}]"
39,health services at cmu are temporary fixes for the stress that cmu’s workload puts on its students,"[{'start': 0, 'end': 98, 'aspects': ['Mental Health Service'], 'sentiments': ['Negative'], 'raw_label': 'Mental Health Service - Negative'}]"
40,"i'm not sure what mental health or wellness services/supports are provided by my college but in general, i've heard that the quality of such services (mental health/wellness) isn't very good quality nor long-lasting. i think the overall sector of it in uga has to be improved and more funded.","[{'start': 105, 'end': 216, 'aspects': [], 'sentiments': [], 'raw_labels': ['General - Negative', 'Wellness Service - Limitation', 'Mental Health Service - Negative']}, {'start': 217, 'end': 292, 'aspects': [], 'sentiments': [], 'raw_labels': ['General - Suggestion', 'On-campus Service - Suggestion', 'Mental Health Service - Suggestion']}, {'start': 0, 'end': 88, 'aspects': ['Mental Health Service'], 'sentiments': ['Negative'], 'raw_labels': ['Mental Health Service - Negative', 'Mental Health Service - Negative']}]"
41,"i think some of the counselors are okay at what they do. they're not amazing, but i definitely feel comfortable with them ","[{'start': 0, 'end': 76, 'aspects': [], 'sentiments': [], 'raw_labels': ['Counseling Service - Positive', 'Counseling Service - Neutral', 'Counseling Service - Negative']}, {'start': 82, 'end': 122, 'aspects': ['Counseling Service'], 'sentiments': ['Positive'], 'raw_labels': ['Counseling Service - Positive', 'Counseling Service - Positive']}]"
42,i have not seen anything about them having any mental health help. ,"[{'start': 0, 'end': 67, 'aspects': ['Mental Health Service'], 'sentiments': ['Negative'], 'raw_labels': ['General - Neutral', 'Mental Health Service - Negative', 'Mental Health Service - Limitation']}]"
43,i think the triage needs more attention. it seems excessive to wait at least 45 minutes to get help. but their referral plan has excellent rates if you have school insurance. ,"[{'start': 41, 'end': 100, 'aspects': ['Service Availability'], 'sentiments': ['Negative'], 'raw_labels': ['Service Availability - Negative', 'Service Availability - Limitation', 'Service Availability - Limitation']}, {'start': 101, 'end': 175, 'aspects': [], 'sentiments': [], 'raw_labels': ['General - Positive', 'Mental Health Service - Positive', 'On-campus Service - Positive']}]"
44,i do not know because i have never had mental health issues.,"[{'start': 0, 'end': 60, 'aspects': ['General'], 'sentiments': ['Neutral'], 'raw_labels': ['General - Neutral', 'General - Neutral', 'General - Neutral']}]"
45,"the caps center and black bruin center is working well at ucla to help support students with resources, activities, and counselors regarding mental health.","[{'start': 0, 'end': 155, 'aspects': ['On-campus Service'], 'sentiments': ['Positive'], 'raw_labels': ['On-campus Service - Positive', 'On-campus Service - Positive']}]"
46,in person counseling seems to be working well. the availability and the options for telehealth need to be expanded. ,"[{'start': 0, 'end': 46, 'aspects': ['Counseling Service'], 'sentiments': ['Positive'], 'raw_labels': ['Counseling Service - Positive', 'Counseling Service - Positive', 'Counseling Service - Positive']}, {'start': 47, 'end': 116, 'aspects': ['Service Availability'], 'sentiments': ['Negative'], 'raw_labels': ['Service Availability - Suggestion', 'Service Availability - Suggestion', 'Service Availability - Suggestion']}]"
47,i think my college is doing alright when it comes to mental health wellness.,"[{'start': 0, 'end': 76, 'aspects': ['Mental Health Service'], 'sentiments': ['Positive'], 'raw_label': 'Mental Health Service - Positive'}]"
48,counseling as in just hearing about what student had to say really worked well for me personally,"[{'start': 0, 'end': 96, 'aspects': ['Counseling Service'], 'sentiments': ['Positive'], 'raw_labels': ['Counseling Service - Positive', 'Counseling Service - Positive', 'Counseling Service - Positive']}]"
49,they shouldn’t set limits on how many weeks you can see a counselor just cuz staff is limited.,"[{'start': 0, 'end': 94, 'aspects': ['Service Availability'], 'sentiments': ['Negative'], 'raw_labels': ['Counseling Service - Limitation', 'Service Availability - Limitation', 'Service Availability - Suggestion']}, {'start': 73, 'end': 94, 'aspects': ['Service Availability'], 'sentiments': ['Negative'], 'raw_labels': ['Service Availability - Limitation', 'Service Availability - Limitation']}]"
50,"an aspect of mental health that needs improvement is that mentally ill people sometimes aren’t aware that they are unwell, and may not even consider they need help. others that are aware are presented with hindrance stressors, like jumping through a bunch of hoops just to schedule an appointment. it was through a conversation with my advisor (which took me weeks to meet with because i was avoidant) to get an appointment scheduled with someone at sas. i thought they were my counselor, but they only sent me resources to contact a counselor. which is better than nothing. i do not want to complain. 

i do plan on meeting with a counselor because i’m willing to do whatever at this point to get out of this point of my life, however i don’t feel like making an appointment. i haven’t been able to complete my coursework; why would i prioritize scheduling appointments with counselors? 

so i feel as if the campus community could benefit from easy access to a counselor. i think every human being needs to attend counseling, anyways. the challenge would be to make it not too easy to schedule, otherwise it might be overused, and inefficient. ","[{'start': 890, 'end': 973, 'aspects': ['Service Availability'], 'sentiments': ['Negative'], 'raw_labels': ['Service Availability - Suggestion', 'Service Availability - Suggestion', 'Service Availability - Suggestion']}, {'start': 974, 'end': 1146, 'aspects': [], 'sentiments': [], 'raw_labels': ['Mental Health Service - Suggestion', 'Service Availability - Suggestion']}]"
51,counselors are always available. sometimes it is hard for students to reach out first.,"[{'start': 0, 'end': 32, 'aspects': ['Service Availability'], 'sentiments': ['Positive'], 'raw_labels': ['Counseling Service - Positive', 'Service Availability - Positive', 'Service Availability - Positive']}, {'start': 33, 'end': 86, 'aspects': ['General'], 'sentiments': ['Negative'], 'raw_labels': ['Service Availability - Negative', 'General - Negative', 'General - Limitation']}]"
52,sails department for special needs students and online students are a great asset for asu and more attention is needed to maintain good standards with them,"[{'start': 0, 'end': 89, 'aspects': ['On-campus Service'], 'sentiments': ['Positive'], 'raw_labels': ['On-campus Service - Positive', 'General - Positive', 'On-campus Service - Positive']}, {'start': 94, 'end': 155, 'aspects': [], 'sentiments': [], 'raw_labels': ['Service Availability - Suggestion', 'General - Positive', 'On-campus Service - Suggestion']}]"
53,i think there needs to be more options for online students. i get all the info about on campus options but i’m not ever on campus - i’m an out of state student. ,"[{'start': 0, 'end': 59, 'aspects': ['Service Availability'], 'sentiments': ['Negative'], 'raw_labels': ['Service Availability - Suggestion', 'Service Availability - Suggestion']}, {'start': 60, 'end': 129, 'aspects': [], 'sentiments': [], 'raw_labels': ['Mental Health Service - Limitation', 'On-campus Service - Positive']}]"
54,"i can't say i've used any services personally, but i know there's always signs and posters for the cougar counseling and the texting line thing that they have, and that seems good. ","[{'start': 51, 'end': 116, 'aspects': ['Counseling Service'], 'sentiments': ['Positive'], 'raw_label': 'Counseling Service - Positive'}, {'start': 121, 'end': 158, 'aspects': ['Hotline Service'], 'sentiments': ['Positive'], 'raw_label': 'Hotline Service - Positive'}]"
55,"i haven’t interacted with my schools mental health resources; however, they’ve generally done well in terms to providing physical health resources like fitness classes","[{'start': 71, 'end': 167, 'aspects': ['Wellness Service'], 'sentiments': ['Positive'], 'raw_labels': ['Wellness Service - Positive', 'Wellness Service - Positive', 'Wellness Service - Positive']}]"
56,seans house is nice they have counselors and support animals i think there just needs to be more on site counseling and also let students know where that is,"[{'start': 0, 'end': 60, 'aspects': [], 'sentiments': [], 'raw_labels': ['Counseling Service - Positive', 'Wellness Service - Positive', 'Mental Health Service - Positive']}, {'start': 61, 'end': 115, 'aspects': ['Counseling Service'], 'sentiments': ['Negative'], 'raw_labels': ['Counseling Service - Suggestion', 'Counseling Service - Suggestion']}, {'start': 120, 'end': 156, 'aspects': [], 'sentiments': [], 'raw_labels': ['Service Availability - Suggestion', 'Mental Health Service - Suggestion']}]"
57,i am not sure. i don’t feel like i am getting any help with my mental health,"[{'start': 0, 'end': 76, 'aspects': ['General'], 'sentiments': ['Negative'], 'raw_label': 'General - Negative'}]"
58,the counseling on-campus helps students out everyday. fiu should focus more on online counseling because the pandemic forces students to stay home,"[{'start': 0, 'end': 53, 'aspects': ['Counseling Service'], 'sentiments': ['Positive'], 'raw_labels': ['Counseling Service - Positive', 'Counseling Service - Positive', 'On-campus Service - Positive']}, {'start': 52, 'end': 146, 'aspects': ['Counseling Service'], 'sentiments': ['Negative'], 'raw_labels': ['Counseling Service - Suggestion', 'Counseling Service - Suggestion', 'Service Availability - Suggestion']}]"
59,"i’m an online student, and i haven’t heard too much about many mental health services offered. i don’t know if it’s because i am an online student and it just isn’t as available to online students compared to on-campus students, but i think there should be options to have video appointments, and maybe have those professionals be able to look into referrals to professionals in that student’s area, so they can receive local help as well. ","[{'start': 232, 'end': 291, 'aspects': ['Service Availability'], 'sentiments': ['Negative'], 'raw_labels': ['Service Availability - Suggestion', 'Counseling Service - Limitation', 'Service Availability - Suggestion']}, {'start': 296, 'end': 440, 'aspects': [], 'sentiments': [], 'raw_labels': ['General - Suggestion', 'Service Availability - Limitation', 'Counseling Service - Suggestion']}]"
60,i am not really sure since i use my own mental health and wellness services.,"[{'start': 0, 'end': 76, 'aspects': ['General'], 'sentiments': ['Neutral'], 'raw_labels': ['General - Neutral', 'General - Neutral', 'General - Neutral']}]"
61,there needs to be more and faster availability to counseling on campus ,"[{'start': 0, 'end': 71, 'aspects': ['Service Availability'], 'sentiments': ['Negative'], 'raw_labels': ['Service Availability - Suggestion', 'Service Availability - Suggestion', 'Service Availability - Suggestion']}]"
62,i have not attempted to use any mental health resource because i am primarily an online student ,"[{'start': 0, 'end': 96, 'aspects': ['General'], 'sentiments': ['Neutral'], 'raw_labels': ['General - Neutral', 'General - Neutral', 'General - Neutral']}]"
63,"the fact that i know multiple people who were told they needed more support than mit could provide and then just completely ghosted is absolutely abhorrent. if someone so desperately needs help that the counseling services at the school aren't able to provide it, they absolutely should be doing everything in their power to connect that person with off campus resources that can help them immediately. ","[{'start': 0, 'end': 156, 'aspects': ['Counseling Service'], 'sentiments': ['Negative'], 'raw_label': 'Counseling Service - Negative'}, {'start': 264, 'end': 402, 'aspects': ['Counseling Service'], 'sentiments': ['Negative'], 'raw_label': 'Counseling Service - Suggestion'}]"
64,"there seem to be many services, but many of the people running them are students who aren't sure of what they're doing.","[{'start': 0, 'end': 30, 'aspects': ['Service Availability'], 'sentiments': ['Positive'], 'raw_labels': ['Service Availability - Positive', 'Mental Health Service - Positive', 'Service Availability - Positive']}, {'start': 32, 'end': 119, 'aspects': [], 'sentiments': [], 'raw_labels': ['On-campus Service - Negative', 'Service Availability - Limitation', 'Counseling Service - Limitation']}]"
65,i feel as if there desperately needs to be more diversity on the counselling team as well as more response to student input. i feel like certain counsellors (jan park) are very harmful to students and simply need to be checked. i think the college does a good job of providing a little bit to everyone but this spreads it thin.,"[{'start': 0, 'end': 124, 'aspects': ['Counseling Service'], 'sentiments': ['Negative'], 'raw_labels': ['Counseling Service - Suggestion', 'Service Availability - Suggestion', 'Counseling Service - Suggestion']}, {'start': 125, 'end': 227, 'aspects': ['Counseling Service'], 'sentiments': ['Negative'], 'raw_labels': ['Counseling Service - Negative', 'Counseling Service - Negative', 'Counseling Service - Negative']}, {'start': 228, 'end': 326, 'aspects': ['On-campus Service'], 'sentiments': ['Positive'], 'raw_labels': ['On-campus Service - Positive', 'On-campus Service - Positive', 'Wellness Service - Positive']}]"
66,none really if you reach out to counseling and have problems that can’t be fixed in 2 talks you are told you have to many problems and no one is going to have problems that can be fixed fast if you are going for depression or anxiety bc that’s just not how it works,"[{'start': 12, 'end': 130, 'aspects': ['Counseling Service'], 'sentiments': ['Negative'], 'raw_label': 'Counseling Service - Negative'}, {'start': 135, 'end': 265, 'aspects': ['Mental Health Service'], 'sentiments': ['Negative'], 'raw_label': 'Mental Health Service - Negative'}]"
67,none i’ve been to health counselling several times and the counsellor always ends up leaving cwru after a year. or i just don’t match well with the counsellor ,"[{'start': 0, 'end': 159, 'aspects': ['Counseling Service'], 'sentiments': ['Negative'], 'raw_labels': ['Counseling Service - Negative', 'Counseling Service - Limitation', 'Service Availability - Limitation']}]"
68,"i have never used counseling services at asu; however, i have highly considered giving it a try. i would like more attention on being physically ""at peace"" (i.e. coming to terms with how you look, accepting your body).","[{'start': 0, 'end': 96, 'aspects': ['Counseling Service'], 'sentiments': ['Neutral'], 'raw_label': 'Counseling Service - Neutral'}]"
69,i dont use them much so i dont know which are working well. they need more attention to allowing more sessions for students,"[{'start': 0, 'end': 60, 'aspects': ['General'], 'sentiments': ['Neutral'], 'raw_labels': ['General - Neutral', 'General - Neutral']}, {'start': 60, 'end': 123, 'aspects': ['Service Availability'], 'sentiments': ['Negative'], 'raw_labels': ['Service Availability - Suggestion', 'Service Availability - Suggestion', 'Service Availability - Suggestion']}]"
70,there are not enough counselors and i have heard so many stories (including my own experience) where friends have wanted to go to counseling services and they are told they have to wait months to book an appointment,"[{'start': 0, 'end': 215, 'aspects': ['Service Availability'], 'sentiments': ['Negative'], 'raw_labels': ['Service Availability - Negative', 'Service Availability - Limitation']}]"
71,"i honestly do not know, as all of my classes became online only. ive just been at home ","[{'start': 0, 'end': 86, 'aspects': ['General'], 'sentiments': ['Neutral'], 'raw_labels': ['General - Neutral', 'General - Neutral', 'General - Neutral']}]"
72,"most of my experiences with these services were in 2019, when i was really struggling with depression and anxiety. i was told that there weren't enough resources to really help me, and to try and find a therapist off campus. i feel as though umass does a great job advertising, but it's hard to know that you'll get actual support when you need it","[{'start': 115, 'end': 347, 'aspects': ['Service Availability'], 'sentiments': ['Negative'], 'raw_label': 'Service Availability - Negative'}]"
73,students who struggle need a safe and easy way to reach out,"[{'start': 0, 'end': 59, 'aspects': ['Service Availability'], 'sentiments': ['Negative'], 'raw_label': 'Service Availability - Negative'}]"
74,there needs to be a way to streamline classroom help for mental health issues.,"[{'start': 0, 'end': 78, 'aspects': ['Mental Health Service'], 'sentiments': ['Negative'], 'raw_labels': ['Mental Health Service - Suggestion', 'Mental Health Service - Suggestion', 'On-campus Service - Suggestion']}]"
75,i haven’t utilized on-campus services so i don’t know what’s working or what isn’t.,"[{'start': 0, 'end': 83, 'aspects': ['General'], 'sentiments': ['Neutral'], 'raw_labels': ['On-campus Service - Neutral', 'General - Neutral', 'General - Neutral']}]"
76,the attention and awareness of mental health is working well. they destigmatize it,"[{'start': 0, 'end': 82, 'aspects': ['Mental Health Service'], 'sentiments': ['Positive'], 'raw_labels': ['Mental Health Service - Positive', 'Mental Health Service - Positive', 'Mental Health Service - Positive']}]"
77,"i suppose the on campus counseling when i was struggling in school during the fall 2021 semester, not related to the pandemic ","[{'start': 0, 'end': 126, 'aspects': ['Counseling Service'], 'sentiments': ['Positive'], 'raw_labels': ['Counseling Service - Positive', 'Counseling Service - Positive', 'Mental Health Service - Positive']}]"
78,"i think the school at least has some sort of staff that can help students, but i'm very hesitant to ever use those resources since of all the bad things i have heard about it. i've heard that the staff isn't very attentive and doesn't really listen to students/clients and people's experiences just overall haven't sounded that good. there's a quantity of resources, but it seems like the quality of those resources isn't actually that helpful for those who are struggling.","[{'start': 0, 'end': 73, 'aspects': ['On-campus Service'], 'sentiments': ['Positive'], 'raw_labels': ['On-campus Service - Positive', 'On-campus Service - Positive', 'On-campus Service - Positive']}, {'start': 78, 'end': 333, 'aspects': ['Counseling Service'], 'sentiments': ['Negative'], 'raw_labels': ['On-campus Service - Negative', 'Counseling Service - Negative', 'Counseling Service - Limitation']}, {'start': 334, 'end': 473, 'aspects': [], 'sentiments': [], 'raw_labels': ['General - Negative', 'Mental Health Service - Limitation', 'Counseling Service - Negative']}]"
79,"generally the services are okay, but they gave been getting worse over the past few years","[{'start': 0, 'end': 31, 'aspects': ['General'], 'sentiments': ['Positive'], 'raw_label': 'General - Positive'}, {'start': 33, 'end': 89, 'aspects': ['General'], 'sentiments': ['Negative'], 'raw_label': 'General - Negative'}]"
80,cu’s mental health “department” is a shit show. they don’t care about students. they made a promise to bring on 20 new providers and actually fired 10 existing ones instead. when i reached my lowest low i asked for therapy twice a week instead of once and they discontinued my care entirely because of the request. the director did a coverup job and tried to conceal my health records that i am legally obligated to. it took two months for me to finally have all of my health documents in my possession and i had to use a third party to force her to give me the information i was entitled to. ,"[{'start': 0, 'end': 79, 'aspects': ['On-campus Service'], 'sentiments': ['Negative'], 'raw_labels': ['Mental Health Service - Negative', 'On-campus Service - Negative', 'On-campus Service - Negative']}, {'start': 174, 'end': 314, 'aspects': [], 'sentiments': [], 'raw_labels': ['Service Availability - Negative', 'Counseling Service - Limitation']}, {'start': 315, 'end': 593, 'aspects': ['General'], 'sentiments': ['Negative'], 'raw_labels': ['General - Negative', 'General - Negative', 'Counseling Service - Limitation']}, {'start': 80, 'end': 174, 'aspects': [], 'sentiments': [], 'raw_labels': ['Service Availability - Limitation', 'On-campus Service - Limitation']}]"
81,"i'm not to sure as i have not gone for help, but from what i have heard, they are quick to diagnose kids with adhd and give them medication. some kids' problems are more deeply rooted and greater than adhd","[{'start': 0, 'end': 43, 'aspects': ['General'], 'sentiments': ['Neutral'], 'raw_labels': ['General - Neutral', 'General - Neutral']}, {'start': 45, 'end': 140, 'aspects': ['Mental Health Service'], 'sentiments': ['Positive'], 'raw_labels': ['Mental Health Service - Positive', 'Mental Health Service - Positive', 'Therapy Service - Positive']}, {'start': 141, 'end': 205, 'aspects': [], 'sentiments': [], 'raw_labels': ['Mental Health Service - Limitation', 'General - Neutral']}]"
82,i have a coach that helps me set goals and that works pretty well,"[{'start': 0, 'end': 65, 'aspects': ['General'], 'sentiments': ['Neutral'], 'raw_labels': ['Wellness Service - Positive', 'General - Neutral', 'General - Neutral']}]"
83,i am not aware of the mental health service that my institution provides.,"[{'start': 0, 'end': 73, 'aspects': ['Mental Health Service'], 'sentiments': ['Negative'], 'raw_labels': ['Mental Health Service - Neutral', 'Mental Health Service - Limitation', 'Mental Health Service - Negative']}]"
84,"need more scheduled communication, perhaps group sessions, people who are going through the same thing ","[{'start': 0, 'end': 103, 'aspects': ['Service Availability'], 'sentiments': ['Negative'], 'raw_label': 'Service Availability - Suggestion'}]"
85,not sure. the counseling center worked well for me prior to covid when i attended.,"[{'start': 10, 'end': 82, 'aspects': ['Counseling Service'], 'sentiments': ['Positive'], 'raw_labels': ['Counseling Service - Positive', 'Counseling Service - Positive', 'Counseling Service - Positive']}]"
86,there’s not any well provided they’re hard to access and not useful ,"[{'start': 0, 'end': 68, 'aspects': ['Mental Health Service'], 'sentiments': ['Negative'], 'raw_labels': ['Service Availability - Negative', 'Mental Health Service - Negative', 'Mental Health Service - Negative']}]"
87,i think it should be free for all students who want it. at least 10 sessions with a mental health professional should be available to us each school year.,"[{'start': 0, 'end': 56, 'aspects': ['On-campus Service'], 'sentiments': ['Negative'], 'raw_labels': ['On-campus Service - Suggestion', 'Mental Health Service - Suggestion', 'On-campus Service - Suggestion']}, {'start': 56, 'end': 154, 'aspects': ['Service Availability'], 'sentiments': ['Negative'], 'raw_labels': ['Service Availability - Suggestion', 'Service Availability - Suggestion', 'Service Availability - Suggestion']}]"
88,"i’ve liked my caps counselor a lot, but i think that the college staff in general should do a better job addressing mental health. ","[{'start': 0, 'end': 35, 'aspects': ['Counseling Service'], 'sentiments': ['Positive'], 'raw_labels': ['Counseling Service - Positive', 'Counseling Service - Positive', 'Counseling Service - Positive']}, {'start': 36, 'end': 131, 'aspects': ['Mental Health Service'], 'sentiments': ['Negative'], 'raw_labels': ['Mental Health Service - Suggestion', 'Mental Health Service - Suggestion', 'On-campus Service - Suggestion']}]"
89,"we have a program called caps but hardly anyone knows it exists, and it is very hard to get an appointment.","[{'start': 0, 'end': 63, 'aspects': ['Mental Health Service'], 'sentiments': ['Negative'], 'raw_labels': ['Mental Health Service - Limitation', 'Mental Health Service - Limitation']}, {'start': 69, 'end': 107, 'aspects': ['Service Availability'], 'sentiments': ['Negative'], 'raw_labels': ['Service Availability - Limitation', 'Service Availability - Limitation']}]"
90,the on-campus mental health center frequently organizes events to spread awareness of certain mental health issues.,"[{'start': 0, 'end': 115, 'aspects': ['Mental Health Service'], 'sentiments': ['Positive'], 'raw_labels': ['Service Availability - Positive', 'Mental Health Service - Positive', 'Mental Health Service - Positive']}]"
91,"each aggie matters is a great program i've seen in social media and at therapy fluffy events, but i don't know what it has to offer beyond that","[{'start': 0, 'end': 93, 'aspects': ['Mental Health Service'], 'sentiments': ['Positive'], 'raw_labels': ['Mental Health Service - Positive', 'Mental Health Service - Positive']}]"
92,counselors have been a great help in assisting student about issues and stressors. athletes need more attention when it comes to mental health ,"[{'start': 0, 'end': 83, 'aspects': ['Counseling Service'], 'sentiments': ['Positive'], 'raw_labels': ['Counseling Service - Positive', 'Counseling Service - Positive', 'Counseling Service - Positive']}, {'start': 83, 'end': 143, 'aspects': ['Mental Health Service'], 'sentiments': ['Negative'], 'raw_labels': ['Mental Health Service - Suggestion', 'Mental Health Service - Suggestion', 'Counseling Service - Suggestion']}]"
93,"all aspects have worked great for me, i think more diversity in counseling staff would be helpful. ","[{'start': 0, 'end': 37, 'aspects': ['On-campus Service'], 'sentiments': ['Positive'], 'raw_labels': ['General - Positive', 'On-campus Service - Positive', 'On-campus Service - Positive']}, {'start': 38, 'end': 99, 'aspects': ['Service Availability'], 'sentiments': ['Negative'], 'raw_labels': ['Counseling Service - Suggestion', 'Service Availability - Suggestion', 'Service Availability - Suggestion']}]"
94,i think the university does a good job advertising different support groups but i think that there should be more access to counselors. i have heard that it is difficult to find an appointment,"[{'start': 0, 'end': 75, 'aspects': ['Mental Health Service'], 'sentiments': ['Positive'], 'raw_labels': ['On-campus Service - Positive', 'Mental Health Service - Positive', 'Mental Health Service - Positive']}, {'start': 76, 'end': 135, 'aspects': ['Service Availability'], 'sentiments': ['Negative'], 'raw_labels': ['Service Availability - Suggestion', 'Service Availability - Suggestion']}, {'start': 136, 'end': 192, 'aspects': ['Service Availability'], 'sentiments': ['Negative'], 'raw_labels': ['Service Availability - Negative', 'Service Availability - Limitation']}]"
95,"i know that many (or all) professors include mental health help information in the course syllabus. however, it is not usually the first place one may think to get the resource information.","[{'start': 109, 'end': 189, 'aspects': ['General'], 'sentiments': ['Negative'], 'raw_labels': ['General - Negative', 'General - Limitation', 'On-campus Service - Limitation']}, {'start': 0, 'end': 99, 'aspects': ['On-campus Service'], 'sentiments': ['Positive'], 'raw_labels': ['On-campus Service - Positive', 'On-campus Service - Positive']}]"
96,"there is a mental health center, however i greatly urge and ask for there to be a way to sign up for appointments online and not solely through telephone calls, as those too are very stressful for some people and makes getting an appointment a daunting task.","[{'start': 0, 'end': 258, 'aspects': ['Service Availability'], 'sentiments': ['Negative'], 'raw_labels': ['Service Availability - Negative', 'Service Availability - Suggestion', 'Hotline Service - Suggestion']}]"
97,"we have a varieties of counseling, but it seems intimidating for those not familiar with counseling.","[{'start': 0, 'end': 34, 'aspects': ['Counseling Service'], 'sentiments': ['Positive'], 'raw_labels': ['Counseling Service - Positive', 'On-campus Service - Positive', 'Counseling Service - Positive']}, {'start': 39, 'end': 100, 'aspects': ['Counseling Service'], 'sentiments': ['Negative'], 'raw_labels': ['Counseling Service - Negative', 'General - Limitation', 'Counseling Service - Limitation']}]"
98,"i'm not familiar with services provided by the college.
overall, mental health needs to be the foremost important thing to be maintained for each student and staff member.","[{'start': 0, 'end': 55, 'aspects': [], 'sentiments': [], 'raw_labels': ['General - Neutral', 'General - Limitation', 'Mental Health Service - Limitation']}, {'start': 65, 'end': 171, 'aspects': ['General'], 'sentiments': ['Negative'], 'raw_labels': ['Mental Health Service - Suggestion', 'General - Suggestion', 'General - Suggestion']}]"
99,"there are definitely known resources like counselors and group therapy, but it is difficult to get appointments. ","[{'start': 72, 'end': 113, 'aspects': ['Service Availability'], 'sentiments': ['Negative'], 'raw_labels': ['Service Availability - Negative', 'Service Availability - Limitation', 'Service Availability - Limitation']}, {'start': 0, 'end': 71, 'aspects': ['Mental Health Service'], 'sentiments': ['Positive'], 'raw_labels': ['Mental Health Service - Positive', 'Mental Health Service - Positive']}]"
100,"brandeis is doing well in finding students who need support and recognizing their needs. it lacks however on how consistently and effectively it fulfills those needs. for example a student could reach out or be reached out to by the bcc to start therapy once a week, but that therapy may not actually help the student or give them the advice they need. ","[{'start': 0, 'end': 88, 'aspects': ['On-campus Service'], 'sentiments': ['Positive'], 'raw_labels': ['On-campus Service - Positive', 'On-campus Service - Positive', 'On-campus Service - Positive']}, {'start': 89, 'end': 166, 'aspects': [], 'sentiments': [], 'raw_labels': ['Service Availability - Negative', 'Mental Health Service - Limitation']}, {'start': 89, 'end': 353, 'aspects': [], 'sentiments': [], 'raw_labels': ['Therapy Service - Limitation', 'On-campus Service - Limitation']}]"
101,"i think that having counseling students intern as counselors is helpful because there is less intimidation when talking to them, but on the other side of that i feel as thought they may not be entirely qualified to help some people","[{'start': 0, 'end': 127, 'aspects': ['Counseling Service'], 'sentiments': ['Positive'], 'raw_labels': ['Counseling Service - Positive', 'Counseling Service - Positive', 'Counseling Service - Positive']}, {'start': 129, 'end': 231, 'aspects': ['Counseling Service'], 'sentiments': ['Negative'], 'raw_labels': ['Counseling Service - Negative', 'Counseling Service - Limitation', 'Counseling Service - Limitation']}]"
102,"counselors need to be more diverse, as i've already mentioned.
my visits to caps in fall 2019 were practically useless although i was on the brink of a mental health disaster in my life. thankfully, i fixed my problems with the help of friends, family, and even strangers over the semester i took off in fall 2020. this was only because those people truly understood my non-generic problems and were willing to give me time. they were willing to walk alongside me with my every day activities.

maybe matching students who can help each other and both can actually give time of the day to each other might be also a good solution.

another essential is having more counselors. i think being told to come back 14 days later is an absolute red flag. ","[{'start': 0, 'end': 34, 'aspects': ['Counseling Service'], 'sentiments': ['Negative'], 'raw_labels': ['Counseling Service - Suggestion', 'Counseling Service - Suggestion']}, {'start': 495, 'end': 630, 'aspects': ['General'], 'sentiments': ['Negative'], 'raw_labels': ['General - Suggestion', 'General - Suggestion']}, {'start': 63, 'end': 493, 'aspects': ['General'], 'sentiments': ['Positive'], 'raw_labels': ['General - Positive', 'General - Positive']}]"
103,"not really sure, the way they go about mental health services just doesn’t motivate me to use them","[{'start': 0, 'end': 98, 'aspects': ['Mental Health Service'], 'sentiments': ['Negative'], 'raw_labels': ['Mental Health Service - Negative', 'Mental Health Service - Limitation', 'General - Limitation']}]"
104,"i only made appointments but they never offered help, so i don't know ","[{'start': 0, 'end': 69, 'aspects': ['General'], 'sentiments': ['Negative'], 'raw_label': 'General - Negative'}]"
105,"on site counselors

activities scheduled throughout week like therapy dogs on campus","[{'start': 0, 'end': 18, 'aspects': ['Counseling Service'], 'sentiments': ['Positive'], 'raw_label': 'Counseling Service - Positive'}, {'start': 20, 'end': 84, 'aspects': ['Wellness Service'], 'sentiments': ['Positive'], 'raw_label': 'Wellness Service - Positive'}]"
106,"there are mental health resources widely available, which is extremely beneficial. however, there is such a long waitlist for counseling sessions, so my fear is that people who need urgent help are not going to receive it.","[{'start': 0, 'end': 82, 'aspects': ['Mental Health Service'], 'sentiments': ['Positive'], 'raw_labels': ['Mental Health Service - Positive', 'Mental Health Service - Positive', 'Mental Health Service - Positive']}, {'start': 90, 'end': 222, 'aspects': ['Service Availability'], 'sentiments': ['Negative'], 'raw_labels': ['Service Availability - Limitation', 'Service Availability - Limitation']}]"
107,"we get free therapy, but the therapists are known to be really bad and overwhelmed and unavailable.","[{'start': 25, 'end': 66, 'aspects': ['Therapy Service'], 'sentiments': ['Negative'], 'raw_labels': ['Therapy Service - Negative', 'Therapy Service - Negative']}, {'start': 71, 'end': 99, 'aspects': ['Service Availability'], 'sentiments': ['Negative'], 'raw_labels': ['Service Availability - Negative', 'Service Availability - Limitation']}, {'start': 0, 'end': 19, 'aspects': ['Therapy Service'], 'sentiments': ['Positive'], 'raw_labels': ['Therapy Service - Positive', 'Therapy Service - Positive']}]"
108,the random activities where it's like free painting bring me temporary seratonin,"[{'start': 0, 'end': 80, 'aspects': ['General'], 'sentiments': ['Positive'], 'raw_labels': ['General - Positive', 'General - Positive', 'On-campus Service - Positive']}]"
109,the counseling center is way over booked. students either can’t get an appointment or they only get like one or two each semester. this is something that many people need consistency with. the college needs more funding so that they can hire additional mental health counselors and therapists.,"[{'start': 0, 'end': 42, 'aspects': ['Service Availability'], 'sentiments': ['Negative'], 'raw_labels': ['Service Availability - Negative', 'Service Availability - Limitation', 'Service Availability - Limitation']}, {'start': 188, 'end': 293, 'aspects': ['Service Availability'], 'sentiments': ['Negative'], 'raw_labels': ['Service Availability - Suggestion', 'Service Availability - Suggestion', 'On-campus Service - Suggestion']}, {'start': 42, 'end': 187, 'aspects': ['Service Availability'], 'sentiments': ['Negative'], 'raw_labels': ['Service Availability - Limitation', 'Service Availability - Limitation']}]"
110,"caps work okay, but office hours or open hours for students to get mental health help would be useful ","[{'start': 0, 'end': 14, 'aspects': ['On-campus Service'], 'sentiments': ['Positive'], 'raw_labels': ['On-campus Service - Positive', 'On-campus Service - Positive', 'On-campus Service - Positive']}, {'start': 20, 'end': 102, 'aspects': ['Service Availability'], 'sentiments': ['Negative'], 'raw_labels': ['Service Availability - Suggestion', 'Mental Health Service - Suggestion', 'Service Availability - Suggestion']}]"
111,we offer a lot of resources but it's unclear how helpful they are.,"[{'start': 0, 'end': 27, 'aspects': ['Service Availability'], 'sentiments': ['Positive'], 'raw_label': 'Service Availability - Positive'}, {'start': 28, 'end': 66, 'aspects': ['General'], 'sentiments': ['Negative'], 'raw_label': 'General - Negative'}]"
112,none of them. we only have one counseling office and it was so backed up that it took me a month to even get a triage/meeting and they simply forgot to send me the email for the triage. ,"[{'start': 0, 'end': 186, 'aspects': ['Service Availability'], 'sentiments': ['Negative'], 'raw_labels': ['Service Availability - Negative', 'Service Availability - Limitation', 'Service Availability - Limitation']}]"
113,"i appreciate that they’re really trying to tackle the mental health issue, but it’s telling that it only got real attention after the tragedies last year. but many of the things they promote are ineffective. the student wellness center almost only does yoga, as if yoga is the one and only way to get better mental health","[{'start': 159, 'end': 206, 'aspects': ['General'], 'sentiments': ['Negative'], 'raw_label': 'General - Negative'}, {'start': 208, 'end': 257, 'aspects': ['Wellness Service'], 'sentiments': ['Negative'], 'raw_label': 'Wellness Service - Negative'}]"
114,theres a lot of resources which is nice but the biggest issue is a high turn over rate of college counselors which lessens wanting to seek help on campus and professors not being lenient/understand nag ,"[{'start': 0, 'end': 39, 'aspects': ['On-campus Service'], 'sentiments': ['Positive'], 'raw_labels': ['On-campus Service - Positive', 'Mental Health Service - Positive', 'On-campus Service - Positive']}, {'start': 44, 'end': 202, 'aspects': [], 'sentiments': [], 'raw_labels': ['Counseling Service - Limitation', 'Service Availability - Negative']}]"
115,the counseling centers are so busy that no one can get in. there is also a lot of students who don't know about them. ,"[{'start': 0, 'end': 58, 'aspects': ['Service Availability'], 'sentiments': ['Negative'], 'raw_labels': ['Service Availability - Negative', 'Service Availability - Limitation', 'Service Availability - Limitation']}, {'start': 59, 'end': 118, 'aspects': ['On-campus Service'], 'sentiments': ['Negative'], 'raw_labels': ['Counseling Service - Negative', 'On-campus Service - Limitation', 'On-campus Service - Limitation']}]"
116,"my teachers make sure that the students know what resources are available which is good. there need to be more people available to talk about feelings and current events rather than just focusing on school schedules. particularly for disabled students, poc, and other disadvantaged students. typically our counselors focus on our school work, rather than doing something like cbt. ","[{'start': 0, 'end': 89, 'aspects': ['On-campus Service'], 'sentiments': ['Positive'], 'raw_labels': ['Service Availability - Positive', 'On-campus Service - Positive', 'On-campus Service - Positive']}, {'start': 89, 'end': 290, 'aspects': ['Service Availability'], 'sentiments': ['Negative'], 'raw_labels': ['Service Availability - Suggestion', 'Service Availability - Suggestion']}]"
117,open to meeting with different counselors if one counselor does not work out,"[{'start': 0, 'end': 76, 'aspects': ['Counseling Service'], 'sentiments': ['Negative'], 'raw_labels': ['Counseling Service - Neutral', 'Counseling Service - Suggestion', 'Counseling Service - Suggestion']}]"
118,having therapy dogs is very calming during stressful situations. i think more engaging options need to be available.,"[{'start': 0, 'end': 64, 'aspects': ['Wellness Service'], 'sentiments': ['Positive'], 'raw_labels': ['Therapy Service - Positive', 'Wellness Service - Positive', 'Wellness Service - Positive']}, {'start': 65, 'end': 116, 'aspects': ['Wellness Service'], 'sentiments': ['Negative'], 'raw_labels': ['Service Availability - Suggestion', 'Wellness Service - Suggestion', 'Wellness Service - Suggestion']}]"
119,i am not sure what aspects are working well because i do not partake.,"[{'start': 0, 'end': 69, 'aspects': ['General'], 'sentiments': ['Neutral'], 'raw_labels': ['General - Neutral', 'General - Neutral', 'General - Neutral']}]"
120,"i think caps could be improved on. i didn't feel i really connected with my counselor when i had her. she didn't really remember things about my case and asked me the same questions week to week. if there were maybe more counselors who could connect more with their clients, i think it would be much more helpful.","[{'start': 196, 'end': 313, 'aspects': ['Service Availability'], 'sentiments': ['Negative'], 'raw_labels': ['Counseling Service - Suggestion', 'Service Availability - Suggestion', 'Service Availability - Suggestion']}, {'start': 0, 'end': 195, 'aspects': ['Counseling Service'], 'sentiments': ['Negative'], 'raw_labels': ['Counseling Service - Limitation', 'Counseling Service - Negative']}]"
121,"therapy dogs seem to be quite popular, but the counseling provided by caps needs to be more accessible to students for longer periods of time before recommending off-campus help.","[{'start': 0, 'end': 39, 'aspects': ['Wellness Service'], 'sentiments': ['Positive'], 'raw_labels': ['Therapy Service - Positive', 'Wellness Service - Positive', 'Wellness Service - Positive']}, {'start': 39, 'end': 178, 'aspects': ['Service Availability'], 'sentiments': ['Negative'], 'raw_labels': ['Service Availability - Limitation', 'Counseling Service - Suggestion', 'Service Availability - Suggestion']}]"
122,i believe the therapists being offered are working well because although i haven’t attended any therapy session i’ve had friends who have and they had positive things to say about it. ,"[{'start': 0, 'end': 55, 'aspects': ['Therapy Service'], 'sentiments': ['Positive'], 'raw_label': 'Therapy Service - Positive'}]"
123,"i have not used my college’s mental health services, so i do not feel qualified to answer this question. ","[{'start': 0, 'end': 105, 'aspects': ['General'], 'sentiments': ['Neutral'], 'raw_labels': ['General - Neutral', 'General - Neutral', 'General - Neutral']}]"
124,my experience with the colleges mental health services was perfect i can't really suggest anything to improve it beyond what i experienced. however that does not mean there is not room for improvement somewhere.,"[{'start': 140, 'end': 211, 'aspects': ['General'], 'sentiments': ['Negative'], 'raw_labels': ['General - Suggestion', 'General - Suggestion']}, {'start': 0, 'end': 139, 'aspects': [], 'sentiments': [], 'raw_labels': ['Mental Health Service - Positive', 'On-campus Service - Positive']}]"
125,i would say currently they have done a great job in making it known services are available and how to use said services. i would say there should be a way for them to focus past issues of anxiety and depression.,"[{'start': 0, 'end': 120, 'aspects': [], 'sentiments': [], 'raw_labels': ['Service Availability - Positive', 'Mental Health Service - Positive', 'On-campus Service - Positive']}, {'start': 121, 'end': 211, 'aspects': ['Counseling Service'], 'sentiments': ['Negative'], 'raw_labels': ['Mental Health Service - Suggestion', 'Counseling Service - Suggestion', 'Counseling Service - Suggestion']}]"
126,"i'm not sure about college supported services, but i think the accessibility of therapy for college students is not the best. coupled with insurance...not great.","[{'start': 51, 'end': 161, 'aspects': ['Service Availability'], 'sentiments': ['Negative'], 'raw_labels': ['Service Availability - Negative', 'Service Availability - Limitation', 'Service Availability - Negative']}]"
127,counseling works well. more attention is needed in reducing stress for students,"[{'start': 0, 'end': 22, 'aspects': ['Counseling Service'], 'sentiments': ['Positive'], 'raw_labels': ['Counseling Service - Positive', 'Counseling Service - Positive', 'Counseling Service - Positive']}, {'start': 23, 'end': 79, 'aspects': ['Mental Health Service'], 'sentiments': ['Negative'], 'raw_labels': ['Mental Health Service - Suggestion', 'Mental Health Service - Suggestion', 'Wellness Service - Suggestion']}]"
128,what works well is the events they plan every once in a while that bring awareness to mental health. what doesn't work well is the lack of availability of in person counseling.,"[{'start': 0, 'end': 100, 'aspects': ['Mental Health Service'], 'sentiments': ['Positive'], 'raw_labels': ['Mental Health Service - Positive', 'Mental Health Service - Positive', 'On-campus Service - Positive']}, {'start': 101, 'end': 176, 'aspects': ['Service Availability'], 'sentiments': ['Negative'], 'raw_labels': ['Service Availability - Negative', 'Service Availability - Limitation', 'Service Availability - Negative']}]"
129,i have yet to use services provided by the school. an anonymous hotline could be a good idea ,"[{'start': 0, 'end': 50, 'aspects': ['General'], 'sentiments': ['Neutral'], 'raw_labels': ['General - Neutral', 'General - Neutral']}, {'start': 51, 'end': 93, 'aspects': ['Hotline Service'], 'sentiments': ['Negative'], 'raw_labels': ['Hotline Service - Suggestion', 'Hotline Service - Suggestion']}]"
130,i haven’t used campus services because i get confused about the extent of the services provided. and word of mouth from other students about their poor experiences made me doubt campus services. ,"[{'start': 0, 'end': 97, 'aspects': [], 'sentiments': [], 'raw_labels': ['Service Availability - Negative', 'Mental Health Service - Limitation', 'On-campus Service - Limitation']}, {'start': 101, 'end': 195, 'aspects': ['General'], 'sentiments': ['Negative'], 'raw_labels': ['General - Negative', 'On-campus Service - Limitation', 'General - Limitation']}]"
131,"i have a few friends who have regular or semi-regular counseling meetings. they seem very grateful to have those sessions and look forward to the days they can talk things out with a professional on campus. i guess as someone who is interested in starting counseling, i don’t know where to begin so that may be something they could communicate more to both new and attending students.","[{'start': 75, 'end': 121, 'aspects': ['Counseling Service'], 'sentiments': ['Positive'], 'raw_label': 'Counseling Service - Positive'}, {'start': 207, 'end': 384, 'aspects': ['Service Availability'], 'sentiments': ['Negative'], 'raw_label': 'Service Availability - Suggestion'}]"
132,"none of them are working well, the mental health advisors do not take the mental health of students seriously","[{'start': 0, 'end': 31, 'aspects': ['General'], 'sentiments': ['Negative'], 'raw_labels': ['General - Negative', 'General - Negative']}, {'start': 0, 'end': 109, 'aspects': ['Mental Health Service'], 'sentiments': ['Negative'], 'raw_labels': ['Mental Health Service - Negative', 'Mental Health Service - Limitation', 'Mental Health Service - Negative']}]"
133,"caps short term counseling does not work that well. some student could much benefit from a longer client-therapist relationship but don’t have the time, money, or knowledge of finding a therapist from outside the university. caps referral service also was terrible and didn’t help me. the quality of caps therapists were hit or miss—i’ve tried over 4 different people. the university also doesn’t prioritize student mental health in general, having a “wellness week” does nothing in comparison to actually having policies regarding attendance, longer and/or more frequent breaks, not letting professors assign work during breaks, etc. ","[{'start': 0, 'end': 51, 'aspects': ['Counseling Service'], 'sentiments': ['Negative'], 'raw_labels': ['Counseling Service - Negative', 'Counseling Service - Limitation', 'Counseling Service - Negative']}, {'start': 369, 'end': 479, 'aspects': [], 'sentiments': [], 'raw_labels': ['General - Negative', 'Wellness Service - Limitation']}, {'start': 52, 'end': 224, 'aspects': [], 'sentiments': [], 'raw_labels': ['On-campus Service - Limitation', 'Service Availability - Limitation']}, {'start': 224, 'end': 284, 'aspects': [], 'sentiments': [], 'raw_labels': ['Counseling Service - Negative', 'General - Limitation']}, {'start': 285, 'end': 368, 'aspects': ['Counseling Service'], 'sentiments': ['Negative'], 'raw_labels': ['Counseling Service - Negative', 'Counseling Service - Negative']}]"
134,the initial meetings with the wellness services were good. the process was quick to see what resources i needed at the time. the staff was very caring. now that i've moved on from that i feel like i still need help and i don't know how to ask again.,"[{'start': 0, 'end': 58, 'aspects': ['Wellness Service'], 'sentiments': ['Positive'], 'raw_labels': ['Wellness Service - Positive', 'Wellness Service - Positive']}, {'start': 0, 'end': 151, 'aspects': ['Service Availability'], 'sentiments': ['Positive'], 'raw_labels': ['Service Availability - Positive', 'Service Availability - Positive', 'Counseling Service - Positive']}, {'start': 152, 'end': 249, 'aspects': [], 'sentiments': [], 'raw_labels': ['General - Limitation', 'Counseling Service - Suggestion']}]"
135,"there are programs like one called wellness wednesdays that are dedicated to de-stressing by spending time working on arts and crafts and i like going to this one. but i think they are lacking in free physical fitness classes or groups. although my school encourages us to exercise, fitness classes are not free. ","[{'start': 0, 'end': 164, 'aspects': ['Wellness Service'], 'sentiments': ['Positive'], 'raw_labels': ['Wellness Service - Positive', 'Wellness Service - Positive', 'Wellness Service - Positive']}, {'start': 164, 'end': 236, 'aspects': ['Wellness Service'], 'sentiments': ['Negative'], 'raw_labels': ['Wellness Service - Suggestion', 'Wellness Service - Suggestion']}]"
136,i know students who would like someone to talk to but do not get replies back from the mental health services at school.,"[{'start': 0, 'end': 120, 'aspects': ['Service Availability'], 'sentiments': ['Negative'], 'raw_label': 'Service Availability - Negative'}]"
137,i think that the graduate students at winther are doing a great job!,"[{'start': 0, 'end': 68, 'aspects': ['General'], 'sentiments': ['Positive'], 'raw_labels': ['General - Positive', 'General - Positive', 'General - Neutral']}]"
138,"i do not use on campus services, i see a private therapist.","[{'start': 0, 'end': 59, 'aspects': ['General'], 'sentiments': ['Neutral'], 'raw_labels': ['General - Neutral', 'General - Neutral', 'General - Neutral']}]"
139,trying to make an appointment with on campus counseling was really hard for me ,"[{'start': 0, 'end': 79, 'aspects': ['Service Availability'], 'sentiments': ['Negative'], 'raw_labels': ['Service Availability - Negative', 'Service Availability - Limitation', 'Service Availability - Negative']}]"
140,all of it needs attention you don't know about it unless you accidentally stumble upon it ,"[{'start': 0, 'end': 90, 'aspects': ['On-campus Service'], 'sentiments': ['Negative'], 'raw_labels': ['General - Negative', 'On-campus Service - Limitation', 'On-campus Service - Negative']}]"
141,therapy is working well for me while balancing taking care of my son,"[{'start': 0, 'end': 68, 'aspects': ['Therapy Service'], 'sentiments': ['Positive'], 'raw_labels': ['Therapy Service - Positive', 'Therapy Service - Positive', 'Therapy Service - Positive']}]"
142,"the 24 hour line is good
need more staff, the wait i heard can be a bit long
i've never gone though","[{'start': 0, 'end': 24, 'aspects': ['Hotline Service'], 'sentiments': ['Positive'], 'raw_labels': ['Hotline Service - Positive', 'Hotline Service - Positive', 'Hotline Service - Positive']}, {'start': 25, 'end': 76, 'aspects': ['Service Availability'], 'sentiments': ['Negative'], 'raw_labels': ['Service Availability - Negative', 'Service Availability - Suggestion', 'Service Availability - Suggestion']}]"
143,i like that it exists. but i would love if it got expanded more to include a bigger staff to support more students. that way it would be more accessible ,"[{'start': 0, 'end': 22, 'aspects': ['General'], 'sentiments': ['Positive'], 'raw_labels': ['General - Positive', 'General - Positive', 'On-campus Service - Positive']}, {'start': 23, 'end': 153, 'aspects': ['Service Availability'], 'sentiments': ['Negative'], 'raw_labels': ['Service Availability - Suggestion', 'Service Availability - Suggestion', 'Service Availability - Suggestion']}]"
144,"we need so much more, it is impossible to get an appointment in an at all reasonable amount of time, and with mental health, this is a major issue and can be dangerous.","[{'start': 0, 'end': 168, 'aspects': ['Service Availability'], 'sentiments': ['Negative'], 'raw_labels': ['Service Availability - Limitation', 'Service Availability - Limitation']}]"
145,the in person counseling works best for me. it can improve on its promotion of services.,"[{'start': 0, 'end': 43, 'aspects': ['Counseling Service'], 'sentiments': ['Positive'], 'raw_labels': ['Counseling Service - Positive', 'Counseling Service - Positive', 'Counseling Service - Positive']}, {'start': 43, 'end': 88, 'aspects': [], 'sentiments': [], 'raw_labels': ['Service Availability - Suggestion', 'Mental Health Service - Limitation', 'Counseling Service - Suggestion']}]"
146,i am not sure because i have not used the resources here ,"[{'start': 0, 'end': 57, 'aspects': ['General'], 'sentiments': ['Neutral'], 'raw_labels': ['General - Neutral', 'General - Neutral', 'General - Neutral']}]"
147,"i’m not sure, but we have emails being sent out but it’s hard for us to see them due to us needing to log in and look nf or them personally ","[{'start': 14, 'end': 140, 'aspects': ['Service Availability'], 'sentiments': ['Negative'], 'raw_label': 'Service Availability - Negative'}]"
148,"working well: communication of help available

not working well: the help available. student issues feel like they are not often taken as seriously as they should be and the clinic is often booked far out, meaning a student in crisis now cannot get help.","[{'start': 0, 'end': 45, 'aspects': ['On-campus Service'], 'sentiments': ['Positive'], 'raw_labels': ['On-campus Service - Positive', 'On-campus Service - Positive', 'On-campus Service - Positive']}, {'start': 85, 'end': 165, 'aspects': [], 'sentiments': [], 'raw_labels': ['Mental Health Service - Negative', 'On-campus Service - Negative']}, {'start': 170, 'end': 254, 'aspects': ['Service Availability'], 'sentiments': ['Negative'], 'raw_labels': ['Service Availability - Negative', 'Service Availability - Limitation']}]"
149,"need better understanding of student needs past anxiety, better informed of trauma ","[{'start': 0, 'end': 83, 'aspects': ['Counseling Service'], 'sentiments': ['Negative'], 'raw_labels': ['Mental Health Service - Negative', 'Counseling Service - Limitation', 'Counseling Service - Suggestion']}]"
150,24 hour nurse line. the time length to be connected needs to be imprived,"[{'start': 0, 'end': 19, 'aspects': ['Hotline Service'], 'sentiments': ['Positive'], 'raw_labels': ['Hotline Service - Positive', 'Hotline Service - Positive']}, {'start': 0, 'end': 72, 'aspects': ['Service Availability'], 'sentiments': ['Negative'], 'raw_labels': ['Service Availability - Suggestion', 'Service Availability - Suggestion', 'Hotline Service - Suggestion']}]"
151,"i have not personally used the mental health services on campus, but from what i have heard, they are helpful. the resources are definitely there. one of the biggest issues is that there is not enough staff, so people may not be able to immediately get in for help.","[{'start': 147, 'end': 265, 'aspects': ['Service Availability'], 'sentiments': ['Negative'], 'raw_labels': ['Service Availability - Negative', 'Service Availability - Limitation', 'Service Availability - Limitation']}]"
152,"the help seems alright, i personally don’t know how to fix it. but i think for most students it’s scary going in for the first time so somehow making it more normalized or welcoming could help","[{'start': 0, 'end': 22, 'aspects': ['General'], 'sentiments': ['Neutral'], 'raw_label': 'General - Neutral'}, {'start': 63, 'end': 192, 'aspects': ['On-campus Service'], 'sentiments': ['Negative'], 'raw_label': 'On-campus Service - Suggestion'}]"
153,college counseling seems to be working well. people should talk directly to me more if they really are concerned about me.,"[{'start': 0, 'end': 44, 'aspects': ['Counseling Service'], 'sentiments': ['Positive'], 'raw_labels': ['Counseling Service - Positive', 'On-campus Service - Positive', 'Counseling Service - Positive']}, {'start': 45, 'end': 122, 'aspects': [], 'sentiments': [], 'raw_labels': ['General - Neutral', 'Counseling Service - Suggestion']}]"
154,"considering i haven’t used them very much but the few experiences i’ve had with it it’s been fairly ok. mainly going through zoom calls and such but i feel a bit disconnected when doing it through this. and yes i know that due to the pandemic these services needed to be done through that, i just don’t feel online resources are the way to go at least for me. ","[{'start': 0, 'end': 103, 'aspects': [], 'sentiments': [], 'raw_labels': ['General - Neutral', 'On-campus Service - Positive']}, {'start': 104, 'end': 360, 'aspects': ['Counseling Service'], 'sentiments': ['Negative'], 'raw_labels': ['Counseling Service - Suggestion', 'Counseling Service - Suggestion']}]"
155,i like how mental health services are available to us as ub students and my professors remind us that we can utilize them at any time,"[{'start': 0, 'end': 133, 'aspects': ['Mental Health Service'], 'sentiments': ['Positive'], 'raw_label': 'Mental Health Service - Positive'}]"
156,"the quality of caps is not great at mason, but it’s availability is good and is accessible ","[{'start': 0, 'end': 41, 'aspects': [], 'sentiments': [], 'raw_labels': ['Mental Health Service - Negative', 'Counseling Service - Positive', 'Counseling Service - Negative']}, {'start': 43, 'end': 91, 'aspects': ['Service Availability'], 'sentiments': ['Positive'], 'raw_labels': ['Service Availability - Positive', 'Service Availability - Limitation', 'Service Availability - Positive']}]"
157,honestly i don't know because i have not used the resources but pet therapy has been awesome.,"[{'start': 0, 'end': 92, 'aspects': ['General'], 'sentiments': ['Neutral'], 'raw_labels': ['General - Neutral', 'General - Neutral', 'General - Neutral']}, {'start': 64, 'end': 93, 'aspects': [], 'sentiments': [], 'raw_labels': ['Therapy Service - Positive', 'Mental Health Service - Positive']}]"
158,the umass professors are actually terrible at being understanding or accommodating towards students struggling with mental health.,"[{'start': 0, 'end': 130, 'aspects': ['General'], 'sentiments': ['Negative'], 'raw_labels': ['Mental Health Service - Negative', 'General - Negative', 'General - Limitation']}]"
159,mental health action week and other purdue student government communications about mental health awareness and support.,"[{'start': 0, 'end': 119, 'aspects': ['Wellness Service'], 'sentiments': ['Positive'], 'raw_label': 'Wellness Service - Positive'}]"
160,"there are not enough therapists, and campus culture as a whole is pretty toxic when it comes to mental health. the response from the administration is not consistent across professors ","[{'start': 0, 'end': 32, 'aspects': ['Service Availability'], 'sentiments': ['Negative'], 'raw_labels': ['Service Availability - Negative', 'Service Availability - Limitation', 'Service Availability - Limitation']}, {'start': 37, 'end': 110, 'aspects': ['Mental Health Service'], 'sentiments': ['Negative'], 'raw_labels': ['Mental Health Service - Negative', 'Mental Health Service - Negative']}, {'start': 111, 'end': 184, 'aspects': [], 'sentiments': [], 'raw_labels': ['On-campus Service - Negative', 'General - Limitation']}]"
161,"success coaching has been good, but could be more personal and those questions of mental health could be asked without pressuring the student. a personal connection to feel like someone is on your side and there to listen really helped in those meetings.","[{'start': 0, 'end': 30, 'aspects': ['Wellness Service'], 'sentiments': ['Positive'], 'raw_label': 'Wellness Service - Positive'}, {'start': 32, 'end': 142, 'aspects': ['Wellness Service'], 'sentiments': ['Negative'], 'raw_label': 'Wellness Service - Negative'}]"
162,certain number of free therapy sessions are good but not enough. quality of therapists seem to be a hit or a miss. i seem to have lucked out.,"[{'start': 0, 'end': 64, 'aspects': ['Service Availability'], 'sentiments': ['Negative'], 'raw_labels': ['Service Availability - Negative', 'Service Availability - Limitation', 'Service Availability - Negative']}, {'start': 65, 'end': 141, 'aspects': ['Therapy Service'], 'sentiments': ['Negative'], 'raw_labels': ['Therapy Service - Negative', 'Therapy Service - Limitation', 'Counseling Service - Negative']}]"
163,counseling center works well. something that should be improved is having someone that can prescribe mental health medication ,"[{'start': 0, 'end': 29, 'aspects': ['Counseling Service'], 'sentiments': ['Positive'], 'raw_labels': ['Counseling Service - Positive', 'Counseling Service - Positive', 'Counseling Service - Positive']}, {'start': 29, 'end': 126, 'aspects': ['Therapy Service'], 'sentiments': ['Negative'], 'raw_labels': ['Mental Health Service - Suggestion', 'Therapy Service - Suggestion', 'Therapy Service - Suggestion']}]"
164,"we have $10 counseling services, but they fill up quickly. expanding this is key","[{'start': 0, 'end': 32, 'aspects': ['Counseling Service'], 'sentiments': ['Positive'], 'raw_labels': ['Counseling Service - Positive', 'Counseling Service - Positive']}]"
165,cwc counseling is really difficult to get into. drc works really well to help alleviate some of the stressors / pressures that school has on mental health.,"[{'start': 0, 'end': 47, 'aspects': ['Service Availability'], 'sentiments': ['Negative'], 'raw_labels': ['Service Availability - Negative', 'Service Availability - Limitation', 'Counseling Service - Negative']}, {'start': 47, 'end': 155, 'aspects': ['Mental Health Service'], 'sentiments': ['Positive'], 'raw_labels': ['Mental Health Service - Positive', 'Mental Health Service - Positive', 'On-campus Service - Positive']}]"
166,i think that the thing that needs the most focus on is making sure that we have complete access to wellness services 24/7,"[{'start': 0, 'end': 121, 'aspects': ['Wellness Service'], 'sentiments': ['Negative'], 'raw_labels': ['Service Availability - Negative', 'Wellness Service - Suggestion', 'Wellness Service - Suggestion']}]"
167,there shouldn’t be a limit on the number of mental health service appointments a student can make ,"[{'start': 0, 'end': 98, 'aspects': ['Service Availability'], 'sentiments': ['Negative'], 'raw_labels': ['Service Availability - Negative', 'Service Availability - Suggestion', 'Service Availability - Suggestion']}]"
168,the cheap sessions offered by grad students supervised by professionals seems like a really good way to give everyone access even if they dont have insurance or dont want their parents to know,"[{'start': 0, 'end': 192, 'aspects': ['Counseling Service'], 'sentiments': ['Positive'], 'raw_labels': ['On-campus Service - Positive', 'Counseling Service - Positive', 'Counseling Service - Positive']}]"
169,i think the mental health groups (such as mindfulness) need more awareness ,"[{'start': 0, 'end': 75, 'aspects': ['Wellness Service'], 'sentiments': ['Negative'], 'raw_label': 'Wellness Service - Suggestion'}]"
170,"i appreciate that the cook counseling center has multiple psychiatrists on staff who can prescribe/manage mental health medications (i've had bad experiences with some of the few off-campus providers before switching to cook), and the reception/nursing staff that help manage appointments and rx refill requests are quite helpful (especially nurse crystal)","[{'start': 0, 'end': 131, 'aspects': [], 'sentiments': [], 'raw_labels': ['Counseling Service - Positive', 'Service Availability - Positive']}, {'start': 231, 'end': 356, 'aspects': ['Service Availability'], 'sentiments': ['Positive'], 'raw_labels': ['Service Availability - Positive', 'Service Availability - Positive']}]"
171,mental health resources are good but needs reformment/better staffing/procedures lots of students have had a bad experience that give the resources a bad reputation ,"[{'start': 0, 'end': 32, 'aspects': ['Mental Health Service'], 'sentiments': ['Positive'], 'raw_label': 'Mental Health Service - Positive'}, {'start': 33, 'end': 164, 'aspects': ['Mental Health Service'], 'sentiments': ['Negative'], 'raw_label': 'Mental Health Service - Negative'}]"
172,i know we have the wellness center but i have not used it. from my friends that have i hear staffing is the biggest issue since there are so many students and not enough counselors.,"[{'start': 0, 'end': 181, 'aspects': ['Service Availability'], 'sentiments': ['Negative'], 'raw_labels': ['Service Availability - Negative', 'Service Availability - Limitation', 'Service Availability - Limitation']}]"
173,"they do have counseling services, however they are hard to access. most professors are pretty welcoming but i think that if mental health days off were offered in the syllabi of classes that it would better to prioritize mental health. given the esteem of the university, there is a lot of pressure to thrive and a lot of pressure to compete with your peers, helping to reduce that pressure would also be helpful for a lot of students. ","[{'start': 0, 'end': 66, 'aspects': ['Service Availability'], 'sentiments': ['Negative'], 'raw_labels': ['Service Availability - Negative', 'Service Availability - Limitation', 'Service Availability - Limitation']}]"
174,"none.  the only thing i found helpful is that my professors were extremely understanding and very willing to help.  the university focuses on immediate problems and does not help support students with mental health issues long term.  the mental health services are abysmal and provide a one-size-fits-all approach to treating the wide variety in depression, anxiety, etc. experienced by students campus wide.","[{'start': 7, 'end': 114, 'aspects': ['General'], 'sentiments': ['Positive'], 'raw_labels': ['On-campus Service - Positive', 'General - Positive', 'General - Positive']}, {'start': 116, 'end': 232, 'aspects': [], 'sentiments': [], 'raw_labels': ['Wellness Service - Limitation', 'On-campus Service - Limitation']}, {'start': 234, 'end': 408, 'aspects': [], 'sentiments': [], 'raw_labels': ['On-campus Service - Limitation', 'Mental Health Service - Limitation']}]"
175,the presentation of possible services such as telehealth and the ease of use for mental health services is good. i think mental health check ups could be implemented through the semester more.,"[{'start': 0, 'end': 112, 'aspects': ['Mental Health Service'], 'sentiments': ['Positive'], 'raw_label': 'Mental Health Service - Positive'}, {'start': 113, 'end': 192, 'aspects': ['Mental Health Service'], 'sentiments': ['Negative'], 'raw_label': 'Mental Health Service - Suggestion'}]"
176,"we had two days for drop-in counseling where students signed up to meet with a counselor for 20 minute sessions. this helped me learn about some resources for myself. i don't have much experience with other mental health wellness services at my university, but i have heard from other students that there can be long wait times to meet with counselors and they're more a short-term solution (e.g., referring students to other therapists). there is a new telehealth counseling service which i don't know much about but it seems to address these problems.","[{'start': 0, 'end': 166, 'aspects': [], 'sentiments': [], 'raw_labels': ['Counseling Service - Positive', 'Mental Health Service - Positive', 'Counseling Service - Neutral']}, {'start': 167, 'end': 438, 'aspects': ['Service Availability'], 'sentiments': ['Negative'], 'raw_labels': ['Service Availability - Negative', 'Service Availability - Limitation', 'Service Availability - Limitation']}, {'start': 439, 'end': 553, 'aspects': [], 'sentiments': [], 'raw_labels': ['Mental Health Service - Positive', 'Hotline Service - Positive']}]"
177,"on campus free therapy, makes it affordable and an option for everyone on campus. we need more therapists, though, because wait times are extremely long. also, a dedicated health and wellness building would be beneficial. ","[{'start': 0, 'end': 82, 'aspects': ['Counseling Service'], 'sentiments': ['Positive'], 'raw_labels': ['Therapy Service - Positive', 'Counseling Service - Positive', 'Counseling Service - Positive']}, {'start': 82, 'end': 154, 'aspects': ['Service Availability'], 'sentiments': ['Negative'], 'raw_labels': ['Service Availability - Negative', 'Service Availability - Suggestion', 'Service Availability - Suggestion']}, {'start': 154, 'end': 222, 'aspects': ['Wellness Service'], 'sentiments': ['Negative'], 'raw_labels': ['Wellness Service - Suggestion', 'Wellness Service - Suggestion', 'Wellness Service - Suggestion']}]"
178,"i used the telecounseling over the pandemic, but i wish i could go past my 4 visits with the addition of more staff at uw for therapy","[{'start': 0, 'end': 133, 'aspects': ['Service Availability'], 'sentiments': ['Negative'], 'raw_labels': ['Service Availability - Negative', 'Service Availability - Suggestion', 'Service Availability - Suggestion']}]"
179,i think it needs to more readily available not just like a 9-5 thing.,"[{'start': 0, 'end': 69, 'aspects': ['Service Availability'], 'sentiments': ['Negative'], 'raw_labels': ['Service Availability - Negative', 'Service Availability - Suggestion', 'Service Availability - Suggestion']}]"
180,we need more education  programs on what to do when someone we know is facing a mental health issue,"[{'start': 0, 'end': 99, 'aspects': ['General'], 'sentiments': ['Negative'], 'raw_label': 'General - Suggestion'}]"
181,"caps is working pretty well for me, but i wish there was a way to feel more connected to other students in my effort to improve my mental health.","[{'start': 0, 'end': 34, 'aspects': ['Counseling Service'], 'sentiments': ['Positive'], 'raw_labels': ['On-campus Service - Positive', 'Counseling Service - Positive', 'Counseling Service - Positive']}, {'start': 36, 'end': 145, 'aspects': ['General'], 'sentiments': ['Negative'], 'raw_labels': ['General - Suggestion', 'General - Suggestion', 'On-campus Service - Limitation']}]"
182,the appointment system for mental health services is bad. it doesn't represent the full range of services.,"[{'start': 0, 'end': 57, 'aspects': ['Service Availability'], 'sentiments': ['Negative'], 'raw_label': 'Service Availability - Negative'}]"
183,"one on one therapy works well, but the limitations on how many sessions of therapy are allowed are harmful.","[{'start': 0, 'end': 29, 'aspects': ['Therapy Service'], 'sentiments': ['Positive'], 'raw_labels': ['Therapy Service - Positive', 'Therapy Service - Positive', 'Therapy Service - Positive']}, {'start': 35, 'end': 107, 'aspects': ['Service Availability'], 'sentiments': ['Negative'], 'raw_labels': ['Service Availability - Negative', 'Service Availability - Limitation', 'Service Availability - Limitation']}]"
184,"i like my college's wellness coaches, but availability is limited, which is a problem. ","[{'start': 0, 'end': 36, 'aspects': ['Wellness Service'], 'sentiments': ['Positive'], 'raw_labels': ['Wellness Service - Positive', 'Wellness Service - Positive', 'Wellness Service - Positive']}, {'start': 38, 'end': 87, 'aspects': ['Service Availability'], 'sentiments': ['Negative'], 'raw_labels': ['Service Availability - Negative', 'Service Availability - Limitation', 'Service Availability - Limitation']}]"
185,i think the mental health department is good but just lacking funding and resources. it’s hard to schedule staff for counseling appointments and there also isn’t much importance placed on mental health in comparison to schoolwork.,"[{'start': 0, 'end': 84, 'aspects': ['Mental Health Service'], 'sentiments': ['Negative'], 'raw_labels': ['Mental Health Service - Limitation', 'Mental Health Service - Limitation']}, {'start': 85, 'end': 140, 'aspects': ['Service Availability'], 'sentiments': ['Negative'], 'raw_labels': ['Service Availability - Limitation', 'Service Availability - Limitation']}, {'start': 145, 'end': 230, 'aspects': ['General'], 'sentiments': ['Negative'], 'raw_labels': ['General - Limitation', 'General - Limitation']}]"
186,"i have not reached out yet, personally, but i know some people who have had relatively good luck with caps counseling. ","[{'start': 0, 'end': 119, 'aspects': ['Counseling Service'], 'sentiments': ['Positive'], 'raw_labels': ['Counseling Service - Positive', 'Counseling Service - Positive', 'General - Neutral']}]"
187,i didn't really know where to go as an online only student,"[{'start': 0, 'end': 58, 'aspects': ['General'], 'sentiments': ['Negative'], 'raw_label': 'General - Negative'}]"
188,there needs to be more therapists available and their services need to be more accessible,"[{'start': 0, 'end': 89, 'aspects': ['Service Availability'], 'sentiments': ['Negative'], 'raw_labels': ['Service Availability - Negative', 'Service Availability - Limitation', 'Service Availability - Suggestion']}]"
189,i never used the campus resources so i could not say. i always see posters everywhere so i know that they exist.,"[{'start': 0, 'end': 53, 'aspects': ['General'], 'sentiments': ['Neutral'], 'raw_labels': ['General - Neutral', 'General - Neutral']}, {'start': 54, 'end': 112, 'aspects': [], 'sentiments': [], 'raw_labels': ['Mental Health Service - Positive', 'On-campus Service - Positive']}]"
190,a lot of students have benefitted from the student counseling center on campus. ,"[{'start': 0, 'end': 80, 'aspects': ['Counseling Service'], 'sentiments': ['Positive'], 'raw_labels': ['Counseling Service - Positive', 'Counseling Service - Positive', 'On-campus Service - Positive']}]"
191,"there are some weekly events at the end of each week that provide activities for students to unwind, and sometimes little things throughout the week like giveaways that are nice. i wish there was more promotion of programs offered by the college in regards to mental health services, as i’ve heard mediocre things about those services","[{'start': 0, 'end': 179, 'aspects': ['Wellness Service'], 'sentiments': ['Positive'], 'raw_labels': ['Wellness Service - Positive', 'Wellness Service - Positive', 'On-campus Service - Positive']}, {'start': 179, 'end': 334, 'aspects': ['Mental Health Service'], 'sentiments': ['Negative'], 'raw_labels': ['Mental Health Service - Suggestion', 'Mental Health Service - Suggestion', 'Mental Health Service - Suggestion']}]"
192,"i don't think i've experienced much of what ua has to offer in regard to mental health. as a part of trio, i do get asked and checked on but i wouldn't really consider it a mental health service. i think i see more aspects of stress and depression but i rarely ever see aspects of procrastination or lack of motivation in regards to mental health.","[{'start': 107, 'end': 195, 'aspects': ['Mental Health Service'], 'sentiments': ['Negative'], 'raw_label': 'Mental Health Service - Negative'}]"
193,nothing is really working well. more flexibility when it comes to attendance and mental health. drs is helpful though,"[{'start': 0, 'end': 31, 'aspects': ['On-campus Service'], 'sentiments': ['Negative'], 'raw_labels': ['General - Negative', 'On-campus Service - Negative', 'On-campus Service - Limitation']}, {'start': 32, 'end': 95, 'aspects': [], 'sentiments': [], 'raw_labels': ['Wellness Service - Suggestion', 'General - Suggestion', 'Mental Health Service - Suggestion']}, {'start': 96, 'end': 117, 'aspects': [], 'sentiments': [], 'raw_labels': ['Mental Health Service - Positive', 'Therapy Service - Positive']}]"
194,"the weekly counselor appointments. finding the right counselor for a student is important, and i don’t think my student health services has done that effort. ","[{'start': 0, 'end': 34, 'aspects': [], 'sentiments': [], 'raw_labels': ['Service Availability - Negative', 'Counseling Service - Positive']}, {'start': 0, 'end': 158, 'aspects': ['Counseling Service'], 'sentiments': ['Negative'], 'raw_labels': ['Counseling Service - Negative', 'Mental Health Service - Limitation', 'Counseling Service - Negative']}]"
195,"i'm not sure, i've had trouble figuring out what resources online students have, and i can't find very much.","[{'start': 14, 'end': 108, 'aspects': ['Service Availability'], 'sentiments': ['Negative'], 'raw_label': 'Service Availability - Negative'}]"
196,aspects that could be improved are availability. what they do well is crisis services.,"[{'start': 0, 'end': 48, 'aspects': ['Service Availability'], 'sentiments': ['Negative'], 'raw_labels': ['Service Availability - Negative', 'Service Availability - Suggestion', 'Service Availability - Suggestion']}, {'start': 49, 'end': 86, 'aspects': ['Hotline Service'], 'sentiments': ['Positive'], 'raw_labels': ['Hotline Service - Positive', 'Hotline Service - Positive', 'Hotline Service - Positive']}]"
197,"caps is a joke. they are difficult to get an appointment with, don't prescribe the medications i need, and don't care when i am struggling.","[{'start': 0, 'end': 15, 'aspects': ['Counseling Service'], 'sentiments': ['Negative'], 'raw_labels': ['On-campus Service - Negative', 'Counseling Service - Negative', 'Counseling Service - Negative']}, {'start': 16, 'end': 61, 'aspects': ['Service Availability'], 'sentiments': ['Negative'], 'raw_labels': ['Service Availability - Negative', 'Service Availability - Negative', 'Service Availability - Negative']}, {'start': 63, 'end': 139, 'aspects': ['Therapy Service'], 'sentiments': ['Negative'], 'raw_labels': ['Therapy Service - Negative', 'Therapy Service - Negative']}]"
198,caps is an option that is good for students but it is limited in the help it can provide.,"[{'start': 0, 'end': 43, 'aspects': ['Counseling Service'], 'sentiments': ['Positive'], 'raw_labels': ['On-campus Service - Positive', 'Counseling Service - Positive', 'Counseling Service - Positive']}, {'start': 44, 'end': 89, 'aspects': ['Service Availability'], 'sentiments': ['Negative'], 'raw_labels': ['Service Availability - Negative', 'Counseling Service - Limitation', 'Service Availability - Negative']}]"
199,i have no idea. i have not looked into using any assistance ,"[{'start': 0, 'end': 60, 'aspects': ['General'], 'sentiments': ['Neutral'], 'raw_labels': ['General - Neutral', 'General - Limitation', 'General - Neutral']}]"
200,they have a good group of therapists. but they don’t provide a ton of different areas of specialty. ,"[{'start': 0, 'end': 37, 'aspects': ['Therapy Service'], 'sentiments': ['Positive'], 'raw_labels': ['Therapy Service - Positive', 'Therapy Service - Positive', 'Therapy Service - Positive']}, {'start': 38, 'end': 100, 'aspects': ['Therapy Service'], 'sentiments': ['Negative'], 'raw_labels': ['Therapy Service - Negative', 'Therapy Service - Limitation', 'Therapy Service - Limitation']}]"
201,i think they need to do a better job advertising mental health services,"[{'start': 0, 'end': 71, 'aspects': ['Mental Health Service'], 'sentiments': ['Negative'], 'raw_labels': ['Mental Health Service - Negative', 'Mental Health Service - Limitation', 'On-campus Service - Suggestion']}]"
202,"the let's talk hours are a good method of getting support when you haven't planned ahead, but can sometimes be busy enough that you can't get a chance to speak with a therapist. with the high demand for mental health support, it's just hard to schedule an appointment and find a time that works. having more counseling staff would be great. ","[{'start': 0, 'end': 89, 'aspects': [], 'sentiments': [], 'raw_labels': ['On-campus Service - Positive', 'Mental Health Service - Positive', 'Wellness Service - Positive']}, {'start': 90, 'end': 177, 'aspects': ['Service Availability'], 'sentiments': ['Negative'], 'raw_labels': ['Service Availability - Negative', 'Service Availability - Limitation']}, {'start': 178, 'end': 340, 'aspects': ['Service Availability'], 'sentiments': ['Negative'], 'raw_labels': ['Service Availability - Negative', 'Service Availability - Limitation']}, {'start': 296, 'end': 341, 'aspects': [], 'sentiments': [], 'raw_labels': ['Counseling Service - Limitation', 'Service Availability - Suggestion']}]"
203,"i like group therapies a lot, but we need more resources for getting help for serious mental illnesses.","[{'start': 0, 'end': 28, 'aspects': ['Therapy Service'], 'sentiments': ['Positive'], 'raw_labels': ['Therapy Service - Positive', 'Therapy Service - Positive', 'On-campus Service - Positive']}, {'start': 30, 'end': 103, 'aspects': ['Therapy Service'], 'sentiments': ['Negative'], 'raw_labels': ['Mental Health Service - Negative', 'Therapy Service - Limitation', 'Therapy Service - Suggestion']}]"
204,more attention to anonymous survey or check in with students so they can receive advice what they can do about it,"[{'start': 0, 'end': 113, 'aspects': ['Mental Health Service'], 'sentiments': ['Negative'], 'raw_labels': ['General - Suggestion', 'Mental Health Service - Limitation', 'Mental Health Service - Suggestion']}]"
205,drop-in counselling is not bad. student disability services are fairly accessible as well. it would be nice if counselling was a little easier to understand how to get. ,"[{'start': 0, 'end': 31, 'aspects': ['Counseling Service'], 'sentiments': ['Positive'], 'raw_labels': ['Counseling Service - Positive', 'Counseling Service - Positive', 'Counseling Service - Positive']}, {'start': 32, 'end': 90, 'aspects': [], 'sentiments': [], 'raw_labels': ['Wellness Service - Positive', 'General - Neutral', 'On-campus Service - Positive']}, {'start': 91, 'end': 169, 'aspects': ['Counseling Service'], 'sentiments': ['Negative'], 'raw_labels': ['Counseling Service - Suggestion', 'Counseling Service - Suggestion', 'Counseling Service - Suggestion']}]"
206,"i have not personally used these services, but i see advertisements for them throughout the campus and assume these services do a good job","[{'start': 47, 'end': 138, 'aspects': ['General'], 'sentiments': ['Positive'], 'raw_label': 'General - Positive'}]"
207,"while it’s not talked about much in ways such as emails, professors often provide links to learn so i appreciate that.","[{'start': 57, 'end': 118, 'aspects': ['General'], 'sentiments': ['Positive'], 'raw_labels': ['General - Positive', 'General - Positive', 'On-campus Service - Positive']}, {'start': 0, 'end': 55, 'aspects': [], 'sentiments': [], 'raw_labels': ['Mental Health Service - Limitation', 'On-campus Service - Negative']}]"
208,from my experience everything is working well. i think they would benefit from having more people staffed to help the students.,"[{'start': 0, 'end': 46, 'aspects': ['General'], 'sentiments': ['Positive'], 'raw_labels': ['General - Positive', 'General - Positive', 'On-campus Service - Positive']}, {'start': 47, 'end': 127, 'aspects': ['Service Availability'], 'sentiments': ['Negative'], 'raw_labels': ['Service Availability - Suggestion', 'Service Availability - Suggestion', 'Service Availability - Suggestion']}]"
209,i mean we have a counseling center which i guess is something but we are severely understaffed and it's very difficult to get an appointment during hours and impossible after business hours so you better not have any problems on the weekends i guess.,"[{'start': 0, 'end': 250, 'aspects': ['Service Availability'], 'sentiments': ['Negative'], 'raw_labels': ['Service Availability - Negative', 'Service Availability - Limitation', 'Service Availability - Limitation']}, {'start': 0, 'end': 61, 'aspects': [], 'sentiments': [], 'raw_labels': ['Counseling Service - Neutral', 'Counseling Service - Positive']}]"
210,"when someone needs assistance, i want my college to focus on making sure that person receives the help they need. follow up is not the best. ","[{'start': 0, 'end': 139, 'aspects': ['On-campus Service'], 'sentiments': ['Negative'], 'raw_labels': ['Service Availability - Negative', 'On-campus Service - Suggestion', 'On-campus Service - Suggestion']}, {'start': 114, 'end': 140, 'aspects': [], 'sentiments': [], 'raw_labels': ['Wellness Service - Negative', 'Counseling Service - Limitation']}]"
211,i think there should be more awareness and encouragement made for the resources. ,"[{'start': 0, 'end': 80, 'aspects': ['General'], 'sentiments': ['Negative'], 'raw_label': 'General - Suggestion'}]"
212,the referral process works well but it should be even easier and there should be less wait time. ,"[{'start': 0, 'end': 32, 'aspects': [], 'sentiments': [], 'raw_labels': ['On-campus Service - Positive', 'Counseling Service - Positive']}, {'start': 0, 'end': 97, 'aspects': ['Service Availability'], 'sentiments': ['Negative'], 'raw_labels': ['Service Availability - Negative', 'Service Availability - Suggestion', 'On-campus Service - Suggestion']}]"
213,i would like more on-campus assistance regarding the diagnosis of mental illness or learning disabilities. i'm currently in the process of seeking a diagnosis and i wish there was more support on campus.,"[{'start': 0, 'end': 106, 'aspects': ['Mental Health Service'], 'sentiments': ['Negative'], 'raw_labels': ['Mental Health Service - Suggestion', 'Mental Health Service - Suggestion', 'Therapy Service - Suggestion']}, {'start': 107, 'end': 203, 'aspects': [], 'sentiments': [], 'raw_labels': ['Mental Health Service - Limitation', 'On-campus Service - Suggestion']}]"
214,"i tried reaching out to campus mental health service online last semester, which was when i needed the most help but didnt get reply till now. so now i just tried to not rely on them and help myself","[{'start': 0, 'end': 197, 'aspects': ['Mental Health Service'], 'sentiments': ['Negative'], 'raw_labels': ['Mental Health Service - Negative', 'Mental Health Service - Negative', 'Counseling Service - Limitation']}]"
215,the undocumented student program runs individual and group sessions which supplements the times when you don't have an individual appointment. i think more staff should be hired so that they can reach more students on time. ,"[{'start': 0, 'end': 142, 'aspects': ['Counseling Service'], 'sentiments': ['Positive'], 'raw_labels': ['Counseling Service - Positive', 'Counseling Service - Positive', 'Counseling Service - Positive']}, {'start': 143, 'end': 224, 'aspects': ['Service Availability'], 'sentiments': ['Negative'], 'raw_labels': ['Service Availability - Suggestion', 'Service Availability - Suggestion', 'Service Availability - Suggestion']}]"
216,"i don't have an answer to the first question but for the second i think awareness of social factors' impact on mental health desperately needs to be addressed because mental health struggles are very different between financially secure straight white people vs. people of color, immigrants, poor people, lgbtq, etc. groups","[{'start': 64, 'end': 158, 'aspects': ['Mental Health Service'], 'sentiments': ['Negative'], 'raw_label': 'Mental Health Service - Suggestion'}]"
217,there are some resources but i don’t really have time to interact with them nor do i want to. my professors high expectations stress me out the most,"[{'start': 0, 'end': 148, 'aspects': ['General'], 'sentiments': ['Negative'], 'raw_labels': ['General - Neutral', 'General - Limitation', 'General - Limitation']}]"
218,i'm a oss student thus i do get more additional help from my disability and its has more a help tool and assistance in my college life,"[{'start': 0, 'end': 134, 'aspects': ['Wellness Service'], 'sentiments': ['Positive'], 'raw_labels': ['Wellness Service - Positive', 'Wellness Service - Positive', 'Mental Health Service - Positive']}]"
219,i didn’t know there were mental health services provided by laredo college ,"[{'start': 0, 'end': 75, 'aspects': ['Mental Health Service'], 'sentiments': ['Negative'], 'raw_labels': ['Mental Health Service - Negative', 'Mental Health Service - Limitation', 'On-campus Service - Negative']}]"
220,i’d say they just need to be more easily accessible and open to students.,"[{'start': 0, 'end': 73, 'aspects': ['Service Availability'], 'sentiments': ['Negative'], 'raw_labels': ['Service Availability - Suggestion', 'Service Availability - Suggestion', 'Service Availability - Suggestion']}]"
221,"overall everyone was very understanding and were patient with me. however, the department only allows calls to set appointments which is not easy for those with mental health issues/concerns. having an email system would be much more inviting. ","[{'start': 0, 'end': 65, 'aspects': ['General'], 'sentiments': ['Positive'], 'raw_labels': ['General - Positive', 'General - Positive', 'Counseling Service - Positive']}, {'start': 66, 'end': 244, 'aspects': ['Service Availability'], 'sentiments': ['Negative'], 'raw_labels': ['Service Availability - Negative', 'Service Availability - Limitation', 'Hotline Service - Suggestion']}]"
222,they only provide in person counseling which does not work for everyone’s schedule,"[{'start': 0, 'end': 82, 'aspects': ['Counseling Service'], 'sentiments': ['Negative'], 'raw_labels': ['Counseling Service - Negative', 'Counseling Service - Limitation', 'Counseling Service - Limitation']}]"
223,"i love that there is an option of taking a mental health day as a student, it goes a long way. something that could be improved is the flexibility of the “mental health day” for students in a more fast paced programs(e.g nursing).","[{'start': 0, 'end': 94, 'aspects': ['Wellness Service'], 'sentiments': ['Positive'], 'raw_labels': ['Wellness Service - Positive', 'Wellness Service - Positive', 'General - Positive']}, {'start': 95, 'end': 230, 'aspects': [], 'sentiments': [], 'raw_labels': ['Service Availability - Suggestion', 'Mental Health Service - Suggestion', 'General - Suggestion']}]"
224,"the programs in place are excellent, but there is a cost that some students are unable to pay. mental health services should be free or more discounted.","[{'start': 0, 'end': 36, 'aspects': ['On-campus Service'], 'sentiments': ['Positive'], 'raw_labels': ['On-campus Service - Positive', 'On-campus Service - Positive', 'Mental Health Service - Positive']}, {'start': 37, 'end': 152, 'aspects': ['Mental Health Service'], 'sentiments': ['Negative'], 'raw_labels': ['Service Availability - Negative', 'Mental Health Service - Suggestion', 'Mental Health Service - Suggestion']}]"
225,need more counselors for the number of students. add a psychiatrist who can prescribe medications affordably. ,"[{'start': 0, 'end': 48, 'aspects': [], 'sentiments': [], 'raw_labels': ['Counseling Service - Suggestion', 'Service Availability - Suggestion']}, {'start': 49, 'end': 109, 'aspects': ['Therapy Service'], 'sentiments': ['Negative'], 'raw_labels': ['Therapy Service - Suggestion', 'Therapy Service - Suggestion']}]"
226,"i think the on campus one is working well, but we’re not doing anything for our outreach centers (ie parsons) ","[{'start': 0, 'end': 42, 'aspects': ['On-campus Service'], 'sentiments': ['Positive'], 'raw_labels': ['On-campus Service - Positive', 'On-campus Service - Positive', 'On-campus Service - Positive']}, {'start': 43, 'end': 110, 'aspects': ['Service Availability'], 'sentiments': ['Negative'], 'raw_labels': ['General - Negative', 'Service Availability - Suggestion', 'Service Availability - Negative']}]"
227,general attention should be increased for he availability of mental health services on campus. ,"[{'start': 0, 'end': 95, 'aspects': ['Service Availability'], 'sentiments': ['Negative'], 'raw_labels': ['Service Availability - Negative', 'Mental Health Service - Suggestion', 'Service Availability - Suggestion']}]"
228,the therapists need to be trained better to deal with current student issues.,"[{'start': 0, 'end': 77, 'aspects': ['Therapy Service'], 'sentiments': ['Negative'], 'raw_labels': ['Therapy Service - Negative', 'Therapy Service - Suggestion', 'Therapy Service - Suggestion']}]"
229,"there is a lot of awareness about resources, but that awareness does not translate to accessibility. for example, the sails program is mentioned often by professors, tas, on-campus health staff, etc., but getting an appointment and getting accommodations approved takes weeks. ","[{'start': 45, 'end': 101, 'aspects': ['Service Availability'], 'sentiments': ['Negative'], 'raw_labels': ['Service Availability - Negative', 'Mental Health Service - Limitation', 'Service Availability - Negative']}, {'start': 0, 'end': 43, 'aspects': [], 'sentiments': [], 'raw_labels': ['Mental Health Service - Positive', 'On-campus Service - Positive']}, {'start': 101, 'end': 277, 'aspects': ['Service Availability'], 'sentiments': ['Negative'], 'raw_labels': ['Service Availability - Limitation', 'Service Availability - Negative']}]"
230,"i think the programs and people running it are nice and supportive. even online meetings feel beneficial. however, there should be more ""marketing"" or increase awareness of these resources. they need to normalize it more so that people who need help won't be scared to reach out.","[{'start': 0, 'end': 105, 'aspects': ['On-campus Service'], 'sentiments': ['Positive'], 'raw_labels': ['Wellness Service - Positive', 'On-campus Service - Positive', 'On-campus Service - Positive']}, {'start': 106, 'end': 279, 'aspects': [], 'sentiments': [], 'raw_labels': ['Mental Health Service - Suggestion', 'On-campus Service - Suggestion']}]"
231,"i have received a medication evaluation and several counseling sessions, both of which seem to be going well. ","[{'start': 0, 'end': 109, 'aspects': ['Counseling Service'], 'sentiments': ['Positive'], 'raw_labels': ['Counseling Service - Positive', 'Counseling Service - Positive']}]"
232,i do not really know as i have not utilized this service from asu. i do however know that asu does a good job at advertising counseling as an option for students. i have had several friends talk to me about their experiences with asu counseling and that it is lackluster and they redirected them to people outside of the campus. it would be nice if they were trained to be able to deal with all issues.,"[{'start': 162, 'end': 328, 'aspects': ['Counseling Service'], 'sentiments': ['Negative'], 'raw_labels': ['Counseling Service - Negative', 'Counseling Service - Limitation', 'Counseling Service - Limitation']}, {'start': 329, 'end': 402, 'aspects': [], 'sentiments': [], 'raw_labels': ['Counseling Service - Suggestion', 'Therapy Service - Suggestion']}]"
233,"i think the on-call talks with social workers to get service or talk about the current struggles i may have at the moment. but, i wish there is more availability like a wider span of times and days. ","[{'start': 0, 'end': 123, 'aspects': [], 'sentiments': [], 'raw_labels': ['Counseling Service - Positive', 'Counseling Service - Suggestion', 'Hotline Service - Positive']}, {'start': 127, 'end': 199, 'aspects': ['Service Availability'], 'sentiments': ['Negative'], 'raw_labels': ['Service Availability - Suggestion', 'Service Availability - Suggestion', 'Service Availability - Suggestion']}]"
234,"i have not used any of the college services so i am unsure, but i do see signs around the college about counseling and where to find mental health help.","[{'start': 64, 'end': 152, 'aspects': ['Counseling Service'], 'sentiments': ['Neutral'], 'raw_label': 'Counseling Service - Neutral'}]"
235,i think the overall attitude towards prioritizing mental health is good. i have not had much experience with individual services,"[{'start': 0, 'end': 72, 'aspects': ['Mental Health Service'], 'sentiments': ['Positive'], 'raw_labels': ['Mental Health Service - Positive', 'Mental Health Service - Positive', 'Mental Health Service - Positive']}, {'start': 73, 'end': 128, 'aspects': ['General'], 'sentiments': ['Neutral'], 'raw_labels': ['General - Neutral', 'General - Neutral']}]"
236,"the services are good, but it can take a really long time to get an appointment","[{'start': 0, 'end': 21, 'aspects': [], 'sentiments': [], 'raw_labels': ['General - Positive', 'Mental Health Service - Positive', 'On-campus Service - Positive']}, {'start': 23, 'end': 79, 'aspects': ['Service Availability'], 'sentiments': ['Negative'], 'raw_labels': ['Service Availability - Negative', 'Service Availability - Limitation', 'Service Availability - Negative']}]"
237,"counseling services are offered by my college, but only a certain amount of therapy sessions are provided","[{'start': 0, 'end': 45, 'aspects': ['Counseling Service'], 'sentiments': ['Positive'], 'raw_labels': ['Counseling Service - Positive', 'Counseling Service - Positive']}, {'start': 47, 'end': 105, 'aspects': [], 'sentiments': [], 'raw_labels': ['Therapy Service - Negative', 'Service Availability - Limitation']}]"
238,just communication. i am glad that the campus does tell us where and how to review counseling if needed. ,"[{'start': 0, 'end': 104, 'aspects': ['Counseling Service'], 'sentiments': ['Positive'], 'raw_label': 'Counseling Service - Positive'}]"
239,"ithink the staff are trying their best, but we need more staff.","[{'start': 0, 'end': 63, 'aspects': ['Service Availability'], 'sentiments': ['Negative'], 'raw_labels': ['Service Availability - Negative', 'Counseling Service - Positive', 'Service Availability - Suggestion']}]"
240,"uf has a “u matter we care” that works well, but it takes a long time to get in ","[{'start': 0, 'end': 43, 'aspects': ['On-campus Service'], 'sentiments': ['Positive'], 'raw_labels': ['On-campus Service - Positive', 'Mental Health Service - Positive', 'On-campus Service - Positive']}, {'start': 45, 'end': 80, 'aspects': ['Service Availability'], 'sentiments': ['Negative'], 'raw_labels': ['Service Availability - Negative', 'Service Availability - Limitation', 'Service Availability - Limitation']}]"
241,the phone hotlines are very beneficial. i think doing more outreach in classes is important ,"[{'start': 0, 'end': 39, 'aspects': ['Hotline Service'], 'sentiments': ['Positive'], 'raw_labels': ['Hotline Service - Positive', 'Hotline Service - Positive', 'Hotline Service - Positive']}, {'start': 40, 'end': 92, 'aspects': [], 'sentiments': [], 'raw_labels': ['Mental Health Service - Suggestion', 'Service Availability - Suggestion']}]"
242,group therapy is working well. more individual appointments should be allotted to students,"[{'start': 0, 'end': 30, 'aspects': ['Therapy Service'], 'sentiments': ['Positive'], 'raw_labels': ['Therapy Service - Positive', 'Therapy Service - Positive', 'On-campus Service - Positive']}, {'start': 31, 'end': 90, 'aspects': ['Service Availability'], 'sentiments': ['Negative'], 'raw_labels': ['Service Availability - Suggestion', 'Service Availability - Suggestion', 'Counseling Service - Suggestion']}]"
243,they are good at advertising options but the counselors just listen and don’t really provide solutions ,"[{'start': 41, 'end': 103, 'aspects': ['Counseling Service'], 'sentiments': ['Negative'], 'raw_labels': ['Counseling Service - Negative', 'Counseling Service - Limitation', 'Counseling Service - Limitation']}, {'start': 0, 'end': 36, 'aspects': [], 'sentiments': [], 'raw_labels': ['Mental Health Service - Positive', 'On-campus Service - Positive']}]"
244,their mental health center is alright as a whole but it needs more diversity ,"[{'start': 0, 'end': 48, 'aspects': ['Mental Health Service'], 'sentiments': ['Positive'], 'raw_label': 'Mental Health Service - Positive'}, {'start': 49, 'end': 76, 'aspects': ['Mental Health Service'], 'sentiments': ['Negative'], 'raw_label': 'Mental Health Service - Suggestion'}]"
245,"it is easy to get in contact with mental health services, but recently when i was going through a little crisis i called and did not get much help and it seemed like they got anxious and didn’t know what to do or say and kind of went super textbook with responding to me like explaining to me how anxiety works and i was like i know i have it and just not really helping. another time freshman year i went to caps for help finding a therapist and they really didn’t give me many options that worked with my insurance so i took matters into my own hands and went through my insurance which was way easier and i found so many options","[{'start': 0, 'end': 57, 'aspects': ['Mental Health Service'], 'sentiments': ['Positive'], 'raw_labels': ['Service Availability - Positive', 'Mental Health Service - Positive', 'Mental Health Service - Positive']}, {'start': 58, 'end': 371, 'aspects': ['Mental Health Service'], 'sentiments': ['Negative'], 'raw_labels': ['Mental Health Service - Negative', 'Counseling Service - Negative', 'Mental Health Service - Negative']}, {'start': 372, 'end': 631, 'aspects': ['Therapy Service'], 'sentiments': ['Negative'], 'raw_labels': ['Therapy Service - Negative', 'Therapy Service - Limitation', 'Mental Health Service - Negative']}]"
246,general counseling is working well but not everyone reaches out so they need to make bigger emphasis on how and who to reach out snd establish meetings ,"[{'start': 0, 'end': 34, 'aspects': ['Counseling Service'], 'sentiments': ['Positive'], 'raw_labels': ['Counseling Service - Positive', 'Counseling Service - Positive', 'Counseling Service - Positive']}, {'start': 35, 'end': 152, 'aspects': ['Service Availability'], 'sentiments': ['Negative'], 'raw_labels': ['Service Availability - Negative', 'Mental Health Service - Suggestion', 'Service Availability - Suggestion']}]"
247,the activities and services provided by the mental health union run by students and the student wellness center are working great.,"[{'start': 0, 'end': 130, 'aspects': ['Mental Health Service'], 'sentiments': ['Positive'], 'raw_labels': ['Mental Health Service - Positive', 'Mental Health Service - Positive', 'Wellness Service - Positive']}]"
248,"i haven't really tried to access mental health services, so i wouldn't know.","[{'start': 0, 'end': 76, 'aspects': ['General'], 'sentiments': ['Neutral'], 'raw_labels': ['General - Neutral', 'General - Neutral', 'General - Neutral']}]"
249,"counselors on campus are lacking. my college needs more counselors and more training i feel for the counselors. i have only one experience with mental health services but my therapist from the student health center was demeaning, not helpful, and very cynical with my situation. it felt like i wasn't being believed.","[{'start': 0, 'end': 33, 'aspects': ['Counseling Service'], 'sentiments': ['Negative'], 'raw_labels': ['Counseling Service - Negative', 'Service Availability - Limitation', 'Counseling Service - Limitation']}, {'start': 34, 'end': 111, 'aspects': ['Service Availability'], 'sentiments': ['Negative'], 'raw_labels': ['Service Availability - Negative', 'Service Availability - Suggestion', 'Counseling Service - Suggestion']}, {'start': 112, 'end': 316, 'aspects': ['Counseling Service'], 'sentiments': ['Negative'], 'raw_labels': ['Mental Health Service - Negative', 'Counseling Service - Negative', 'Counseling Service - Negative']}]"
250,the new physical fitness center greatly helps mental health by providing group workout sessions that allow for exercise to benefit the body and mind while also getting human interaction,"[{'start': 0, 'end': 185, 'aspects': ['Wellness Service'], 'sentiments': ['Positive'], 'raw_labels': ['Wellness Service - Positive', 'Wellness Service - Positive', 'Wellness Service - Positive']}]"
251,"counselors on campus are not experienced in the field. they are grad students who are not qualified to address extreme trauma such as sexual assault, domestic violence, and homelessness. i am also not comfortable with group/individual sessions being recorded and this have affected my ability to open up. there needs to be resources for long term therapy and better recommendations for therapists off campus. for context, i recieved no help in finding a therapist off campus. there also needs to be flexible hours on weekends and evenings as students have classes during the day. ","[{'start': 0, 'end': 54, 'aspects': ['Counseling Service'], 'sentiments': ['Negative'], 'raw_labels': ['Counseling Service - Negative', 'Counseling Service - Limitation']}, {'start': 305, 'end': 475, 'aspects': ['Therapy Service'], 'sentiments': ['Negative'], 'raw_labels': ['Therapy Service - Negative', 'Therapy Service - Suggestion', 'Therapy Service - Suggestion']}, {'start': 476, 'end': 580, 'aspects': ['Service Availability'], 'sentiments': ['Negative'], 'raw_labels': ['Service Availability - Negative', 'Service Availability - Suggestion', 'Service Availability - Suggestion']}, {'start': 0, 'end': 187, 'aspects': ['Counseling Service'], 'sentiments': ['Negative'], 'raw_labels': ['Counseling Service - Limitation', 'Counseling Service - Limitation']}, {'start': 187, 'end': 304, 'aspects': ['Counseling Service'], 'sentiments': ['Negative'], 'raw_labels': ['Counseling Service - Limitation', 'Counseling Service - Limitation']}]"
252,"i attempted to get on campus counseling and everyone i spoke with refused to use my preferred name no matter how many times i corrected them. they all said they would write it down and put it in my file, but then use the wrong name the next time. i quit the counseling before my first appointment.","[{'start': 0, 'end': 297, 'aspects': ['Counseling Service'], 'sentiments': ['Negative'], 'raw_labels': ['Counseling Service - Negative', 'Counseling Service - Negative']}]"
253,i haven’t tried the counselling services at asu but i’ve heard from others that at asu it’s not good ,"[{'start': 0, 'end': 101, 'aspects': ['Counseling Service'], 'sentiments': ['Negative'], 'raw_label': 'Counseling Service - Negative'}]"
254,"i'm not really sure, having not needed to use said services myself and relying on outside therapy in times of crisis.","[{'start': 0, 'end': 117, 'aspects': ['General'], 'sentiments': ['Neutral'], 'raw_labels': ['General - Neutral', 'General - Limitation', 'General - Neutral']}]"
255,"wellness services are good, there should be a service where people reach out to students","[{'start': 0, 'end': 27, 'aspects': ['Wellness Service'], 'sentiments': ['Positive'], 'raw_labels': ['Wellness Service - Positive', 'Wellness Service - Positive', 'Wellness Service - Positive']}, {'start': 28, 'end': 88, 'aspects': [], 'sentiments': [], 'raw_labels': ['Mental Health Service - Suggestion', 'On-campus Service - Suggestion']}]"
256,i think having events focused on wellness including fun ones like dog therapy are useful. the mental health counselors can help sometimes but more resources and consuleors should be available. ,"[{'start': 90, 'end': 193, 'aspects': ['Service Availability'], 'sentiments': ['Negative'], 'raw_labels': ['Service Availability - Suggestion', 'Service Availability - Suggestion']}, {'start': 0, 'end': 89, 'aspects': ['Wellness Service'], 'sentiments': ['Positive'], 'raw_labels': ['Wellness Service - Positive', 'Wellness Service - Positive']}]"
257,i personally have not used the mental health facilities on campus because they have a poor reputation ,"[{'start': 0, 'end': 102, 'aspects': ['Mental Health Service'], 'sentiments': ['Negative'], 'raw_labels': ['Mental Health Service - Negative', 'Mental Health Service - Negative', 'On-campus Service - Limitation']}]"
258,the only thing that works well are the handful of mental health professionals who actual care about the students and know what they're doing,"[{'start': 0, 'end': 140, 'aspects': ['Mental Health Service'], 'sentiments': ['Positive'], 'raw_label': 'Mental Health Service - Positive'}]"
259,"caps and accessibility center are great, but i know people that got stuck on waitlists for ages","[{'start': 0, 'end': 39, 'aspects': [], 'sentiments': [], 'raw_labels': ['On-campus Service - Positive', 'Counseling Service - Positive']}, {'start': 41, 'end': 95, 'aspects': ['Service Availability'], 'sentiments': ['Negative'], 'raw_labels': ['Service Availability - Negative', 'Service Availability - Limitation']}]"
260,"i have only utilized caps as a resource. i believe this has worked well due to how much i love my counselor. however, it took a while to get to her. before this, i was placed with a counselor (who was a man when i asked for it not to be) who asked extremely invasive questions and was very misunderstanding. it warded me off from caps. i’ve also heard other people caps takes way too long to get back to them and doesn’t have enough room.","[{'start': 0, 'end': 149, 'aspects': ['Counseling Service'], 'sentiments': ['Positive'], 'raw_labels': ['Counseling Service - Positive', 'Counseling Service - Positive', 'Counseling Service - Positive']}, {'start': 119, 'end': 335, 'aspects': ['Counseling Service'], 'sentiments': ['Negative'], 'raw_labels': ['Counseling Service - Negative', 'Counseling Service - Limitation', 'Counseling Service - Negative']}, {'start': 308, 'end': 438, 'aspects': ['Service Availability'], 'sentiments': ['Negative'], 'raw_labels': ['Service Availability - Negative', 'Service Availability - Limitation', 'Service Availability - Limitation']}]"
261,it's nice that it's pretty easy to schedule appointments but sometimes they aren't available,"[{'start': 0, 'end': 56, 'aspects': ['Service Availability'], 'sentiments': ['Positive'], 'raw_labels': ['Service Availability - Positive', 'Service Availability - Positive', 'Counseling Service - Positive']}, {'start': 56, 'end': 92, 'aspects': ['Service Availability'], 'sentiments': ['Negative'], 'raw_labels': ['Service Availability - Negative', 'Service Availability - Limitation', 'Service Availability - Limitation']}]"
262,i haven't used/not familiar with mental health services provided by the school.,"[{'start': 0, 'end': 79, 'aspects': ['General'], 'sentiments': ['Neutral'], 'raw_labels': ['General - Neutral', 'General - Neutral', 'General - Neutral']}]"
263,"the college doesn’t seem to promote it’s mental health facilities, so i don’t know enough about them to say anything good","[{'start': 0, 'end': 121, 'aspects': ['Service Availability'], 'sentiments': ['Negative'], 'raw_label': 'Service Availability - Negative'}]"
264,i think more accessibility for free therapy sessions would be incredibly helpful. the free online meditation sessions see like a great opportunity and helpful resource. ,"[{'start': 0, 'end': 81, 'aspects': ['Therapy Service'], 'sentiments': ['Negative'], 'raw_labels': ['Therapy Service - Negative', 'Therapy Service - Suggestion']}, {'start': 82, 'end': 168, 'aspects': ['Wellness Service'], 'sentiments': ['Positive'], 'raw_labels': ['Wellness Service - Positive', 'Wellness Service - Positive']}]"
265,i don’t even know what mental health services are provided by my college,"[{'start': 0, 'end': 72, 'aspects': ['General'], 'sentiments': ['Negative'], 'raw_labels': ['General - Negative', 'General - Limitation', 'General - Neutral']}]"
266,counseling and psychological services—that's the main program for mental health and any sort of need of the student to use.,"[{'start': 0, 'end': 123, 'aspects': ['Mental Health Service'], 'sentiments': ['Positive'], 'raw_label': 'Mental Health Service - Positive'}]"
267,none. they need to have an easier and anonymous process to talk to counselors,"[{'start': 0, 'end': 77, 'aspects': ['Counseling Service'], 'sentiments': ['Negative'], 'raw_labels': ['Counseling Service - Negative', 'Counseling Service - Suggestion', 'Counseling Service - Suggestion']}]"
268,campus health is easily accessible and i do believe it is covered by student insurance. there should be a 24/7 location or hotline to contact when needed and the off campus resources need to be expanded. everything just needs to be talked about more frequently as well. ,"[{'start': 88, 'end': 153, 'aspects': ['Hotline Service'], 'sentiments': ['Negative'], 'raw_labels': ['Hotline Service - Suggestion', 'Hotline Service - Suggestion', 'Hotline Service - Suggestion']}, {'start': 158, 'end': 203, 'aspects': [], 'sentiments': [], 'raw_labels': ['Service Availability - Suggestion', 'Mental Health Service - Suggestion']}, {'start': 0, 'end': 87, 'aspects': [], 'sentiments': [], 'raw_labels': ['Service Availability - Positive', 'On-campus Service - Positive']}]"
269,i like the counseling sessions where you speak with another student who is on campus,"[{'start': 0, 'end': 84, 'aspects': ['Counseling Service'], 'sentiments': ['Positive'], 'raw_labels': ['Counseling Service - Positive', 'Counseling Service - Positive', 'On-campus Service - Positive']}]"
270,in-person counseling needs work but i've heard that telecouseling has worked well,"[{'start': 0, 'end': 32, 'aspects': ['Counseling Service'], 'sentiments': ['Negative'], 'raw_labels': ['Counseling Service - Negative', 'Counseling Service - Limitation', 'Counseling Service - Negative']}, {'start': 35, 'end': 81, 'aspects': ['Counseling Service'], 'sentiments': ['Positive'], 'raw_labels': ['Counseling Service - Positive', 'Counseling Service - Positive', 'Counseling Service - Positive']}]"
271,i have not used any mental health or wellness services from the college.,"[{'start': 0, 'end': 72, 'aspects': ['General'], 'sentiments': ['Neutral'], 'raw_labels': ['General - Neutral', 'General - Neutral', 'General - Neutral']}]"
272,"i think that some of the services largely run by students themselves (ie ears for peers, a student-run hotline) are very successful, and one of the greatest successes at tufts has been allowing them to exist. the actual resources offered by the university aren’t so successful, based on accounts of peers’ experiences, such that i have largely avoided them and have no firsthand experience.","[{'start': 0, 'end': 208, 'aspects': ['On-campus Service'], 'sentiments': ['Positive'], 'raw_labels': ['On-campus Service - Positive', 'On-campus Service - Positive']}, {'start': 209, 'end': 390, 'aspects': [], 'sentiments': [], 'raw_labels': ['Mental Health Service - Limitation', 'On-campus Service - Negative']}]"
273,"if you can get into goddard for therapy, you’re golden. the wait to get into it though is ridiculous.","[{'start': 56, 'end': 101, 'aspects': ['Service Availability'], 'sentiments': ['Negative'], 'raw_labels': ['Service Availability - Negative', 'Service Availability - Limitation', 'Service Availability - Negative']}, {'start': 0, 'end': 55, 'aspects': ['Counseling Service'], 'sentiments': ['Positive'], 'raw_labels': ['Counseling Service - Positive', 'Counseling Service - Positive']}]"
274,the nutritionist at the student health and wellness center used to provide me with a good support for my poor relationship with food and body image. ,"[{'start': 0, 'end': 149, 'aspects': ['Wellness Service'], 'sentiments': ['Positive'], 'raw_labels': ['Wellness Service - Positive', 'Wellness Service - Positive', 'General - Neutral']}]"
275,the counseling center is unable to meet students regularly for counseling. it is only effective for students in crisis.,"[{'start': 0, 'end': 74, 'aspects': ['Counseling Service'], 'sentiments': ['Negative'], 'raw_labels': ['Counseling Service - Negative', 'Counseling Service - Limitation', 'Counseling Service - Limitation']}, {'start': 75, 'end': 119, 'aspects': ['Counseling Service'], 'sentiments': ['Positive'], 'raw_labels': ['Counseling Service - Positive', 'Counseling Service - Positive']}]"
276,i think more attention should be brought to mental health and wellness in general (ex. how to manage stress),"[{'start': 0, 'end': 108, 'aspects': ['Mental Health Service'], 'sentiments': ['Negative'], 'raw_labels': ['Mental Health Service - Negative', 'Mental Health Service - Suggestion', 'Wellness Service - Suggestion']}]"
277,just more coverage and talk about mental health in order to decrease stigmatization.,"[{'start': 0, 'end': 84, 'aspects': ['Mental Health Service'], 'sentiments': ['Negative'], 'raw_labels': ['Mental Health Service - Negative', 'Mental Health Service - Suggestion', 'On-campus Service - Positive']}]"
278,"i feel that our college does well in getting the news out there when it comes to counseling on campus but i have experienced my counseling getting interrupted and stopped because for whatever reason the person couldn't do it anymore. i had to change to another staff member but at that point i decided not to anymore.
","[{'start': 106, 'end': 317, 'aspects': ['Counseling Service'], 'sentiments': ['Negative'], 'raw_labels': ['Counseling Service - Negative', 'Counseling Service - Limitation', 'Counseling Service - Limitation']}, {'start': 0, 'end': 102, 'aspects': [], 'sentiments': [], 'raw_labels': ['Mental Health Service - Positive', 'On-campus Service - Positive']}]"
279,the speed with which they respond to requests needs to be improvef,"[{'start': 0, 'end': 66, 'aspects': ['Service Availability'], 'sentiments': ['Negative'], 'raw_labels': ['Service Availability - Negative', 'Service Availability - Suggestion', 'Service Availability - Suggestion']}]"
280,"i don’t know, i’m an online student  who hasn’t utilized the services. ","[{'start': 0, 'end': 71, 'aspects': ['General'], 'sentiments': ['Neutral'], 'raw_labels': ['General - Neutral', 'General - Neutral', 'General - Neutral']}]"
281,"services are offered, however many of the counselors are temporary and apparently unhelpful","[{'start': 0, 'end': 91, 'aspects': ['Counseling Service'], 'sentiments': ['Negative'], 'raw_labels': ['Counseling Service - Negative', 'Counseling Service - Neutral', 'Counseling Service - Limitation']}]"
282,i would say the access to help during the day is beneficial however there needs to be 24 hour help,"[{'start': 60, 'end': 98, 'aspects': ['Service Availability'], 'sentiments': ['Negative'], 'raw_labels': ['Service Availability - Negative', 'Service Availability - Suggestion']}, {'start': 0, 'end': 98, 'aspects': [], 'sentiments': [], 'raw_labels': ['Mental Health Service - Positive', 'Counseling Service - Suggestion']}]"
283,i think there should be a way to see the same mental health counselor more consistently,"[{'start': 0, 'end': 87, 'aspects': ['Counseling Service'], 'sentiments': ['Negative'], 'raw_labels': ['Counseling Service - Negative', 'Counseling Service - Suggestion', 'Counseling Service - Suggestion']}]"
284,i believe that the concealing is working very well on my campus however showing students how to use it and why it is important to use it is an aspect that needs attention,"[{'start': 0, 'end': 63, 'aspects': ['Counseling Service'], 'sentiments': ['Positive'], 'raw_labels': ['Counseling Service - Positive', 'Counseling Service - Positive', 'Counseling Service - Positive']}, {'start': 64, 'end': 170, 'aspects': [], 'sentiments': [], 'raw_labels': ['Service Availability - Suggestion', 'Mental Health Service - Suggestion', 'On-campus Service - Suggestion']}]"
285,i think the aspects that need more attention are depression and grieving,"[{'start': 0, 'end': 72, 'aspects': ['Mental Health Service'], 'sentiments': ['Negative'], 'raw_label': 'Mental Health Service - Suggestion'}]"
286,"i haven’t implemented most of the mental health resources, but i’d hazard a guess that, like in all other areas, emory could stand to strengthen its communication skills in regards to mental health.","[{'start': 0, 'end': 198, 'aspects': ['Mental Health Service'], 'sentiments': ['Negative'], 'raw_labels': ['Mental Health Service - Negative', 'Mental Health Service - Suggestion', 'On-campus Service - Limitation']}]"
287,"medical care and pharmacy services are good, but mental health is inaccessible and has bad rep ","[{'start': 0, 'end': 43, 'aspects': ['Therapy Service'], 'sentiments': ['Positive'], 'raw_labels': ['Therapy Service - Positive', 'On-campus Service - Positive', 'Therapy Service - Positive']}, {'start': 45, 'end': 94, 'aspects': ['Mental Health Service'], 'sentiments': ['Negative'], 'raw_labels': ['Mental Health Service - Negative', 'Mental Health Service - Negative']}]"
288,"caps needs to add an option for students to schedule appointments online, not just over phone. i have friends who struggle with phone anxiety that would greatly benefit from counseling services, but cannot make the phone call to set up an appointment. ","[{'start': 0, 'end': 94, 'aspects': ['Service Availability'], 'sentiments': ['Negative'], 'raw_labels': ['Service Availability - Suggestion', 'Service Availability - Suggestion']}, {'start': 0, 'end': 251, 'aspects': ['Counseling Service'], 'sentiments': ['Negative'], 'raw_labels': ['Counseling Service - Suggestion', 'Counseling Service - Suggestion']}]"
289,"i have not utilized the campus health or wellness services because i have my own resources that i consider more private. as an online student, i don't feel i have the same access that on-campus students enjoy.","[{'start': 121, 'end': 209, 'aspects': ['On-campus Service'], 'sentiments': ['Negative'], 'raw_labels': ['Service Availability - Negative', 'On-campus Service - Limitation', 'On-campus Service - Limitation']}, {'start': 0, 'end': 120, 'aspects': ['General'], 'sentiments': ['Neutral'], 'raw_labels': ['General - Neutral', 'General - Neutral']}]"
290,i have a success counselor from the college who's really good at recommending both on and off campus services when a problem is beyond her expertise. she's very open ,"[{'start': 0, 'end': 166, 'aspects': ['Counseling Service'], 'sentiments': ['Positive'], 'raw_labels': ['Counseling Service - Positive', 'On-campus Service - Positive', 'Counseling Service - Positive']}]"
291,"there are many good wellness meetings and events. and there is good communication around east to access people to talk to, peers or therapists. however, the on campus therapists cannot do much and they don’t make it clear just how little they can do. e.g. can’t even diagnose adhd","[{'start': 0, 'end': 143, 'aspects': [], 'sentiments': [], 'raw_labels': ['On-campus Service - Positive', 'Mental Health Service - Positive', 'Counseling Service - Positive']}, {'start': 144, 'end': 280, 'aspects': ['Therapy Service'], 'sentiments': ['Negative'], 'raw_labels': ['Therapy Service - Negative', 'Therapy Service - Limitation', 'Counseling Service - Negative']}, {'start': 0, 'end': 49, 'aspects': ['Wellness Service'], 'sentiments': ['Positive'], 'raw_labels': ['Wellness Service - Positive', 'Wellness Service - Positive']}]"
292,"yes, but they don't advertise their services well enough and the one time i tried using it they ghosted me so now im hesitant to go back","[{'start': 0, 'end': 57, 'aspects': [], 'sentiments': [], 'raw_labels': ['Mental Health Service - Limitation', 'On-campus Service - Negative']}, {'start': 61, 'end': 136, 'aspects': ['Counseling Service'], 'sentiments': ['Negative'], 'raw_labels': ['Counseling Service - Limitation', 'Counseling Service - Negative']}]"
293,the school is very open about the resources for counseling that are available.,"[{'start': 0, 'end': 78, 'aspects': ['Counseling Service'], 'sentiments': ['Positive'], 'raw_labels': ['Counseling Service - Positive', 'Counseling Service - Positive', 'On-campus Service - Positive']}]"
294,"campus needs more people to provide more long term services. if you want individual attention, you only get it for a semester, so it would work better if there were more staff.","[{'start': 0, 'end': 60, 'aspects': ['On-campus Service'], 'sentiments': ['Negative'], 'raw_labels': ['On-campus Service - Suggestion', 'On-campus Service - Limitation', 'Service Availability - Suggestion']}, {'start': 61, 'end': 176, 'aspects': ['Service Availability'], 'sentiments': ['Negative'], 'raw_labels': ['Service Availability - Suggestion', 'Service Availability - Limitation', 'Service Availability - Suggestion']}]"
295,i think the main counseling service is helpful when you are able to get an appointment. i was on the waitlist for over a month and i know many other students have been waiting as well. i have been referred to a psychiatrist and there's a waiting list for that too. mental health is taken very seriously here but there are just not enough counselors for all the students. so there needs to be somewhere for someone to go when they are on the waiting list would be helpful. even like a peer counseling service would be great. my high school had one and people used that often.,"[{'start': 88, 'end': 264, 'aspects': ['Service Availability'], 'sentiments': ['Negative'], 'raw_label': 'Service Availability - Negative'}, {'start': 265, 'end': 307, 'aspects': ['Mental Health Service'], 'sentiments': ['Positive'], 'raw_label': 'Mental Health Service - Positive'}]"
296,"as mentioned, i've not taken much of my opportunities to use the wellness services on campus, but from what i've heard an expansion of one-on-one counseling might be useful.","[{'start': 94, 'end': 173, 'aspects': ['Service Availability'], 'sentiments': ['Negative'], 'raw_labels': ['Service Availability - Suggestion', 'Counseling Service - Suggestion', 'Service Availability - Suggestion']}, {'start': 0, 'end': 93, 'aspects': [], 'sentiments': [], 'raw_labels': ['Wellness Service - Neutral', 'General - Neutral']}]"
297,"mental health and wellness programs based in a college should be more practical. students need help finishing their degrees, that's the biggest stressor from outside and inside their lives.","[{'start': 0, 'end': 80, 'aspects': ['Mental Health Service'], 'sentiments': ['Negative'], 'raw_labels': ['On-campus Service - Suggestion', 'Mental Health Service - Suggestion', 'Mental Health Service - Suggestion']}, {'start': 80, 'end': 189, 'aspects': ['General'], 'sentiments': ['Negative'], 'raw_labels': ['General - Limitation', 'General - Suggestion']}]"
298,"i think they do work well, i just wish there wasn't a limit on how many therapy appointments you can get in a semester","[{'start': 0, 'end': 26, 'aspects': [], 'sentiments': [], 'raw_labels': ['General - Positive', 'Therapy Service - Positive', 'On-campus Service - Positive']}, {'start': 26, 'end': 118, 'aspects': ['Service Availability'], 'sentiments': ['Negative'], 'raw_labels': ['Service Availability - Negative', 'Service Availability - Suggestion', 'Service Availability - Suggestion']}]"
299,student life disability services and counseling and consultation services have been really supportive and done well in helping those in need of mental health and wellness services. i think campus needs more available psychiatrists and group counseling to help those that need medication and benefit from therapy in small groups. ,"[{'start': 0, 'end': 180, 'aspects': ['On-campus Service'], 'sentiments': ['Positive'], 'raw_labels': ['On-campus Service - Positive', 'On-campus Service - Positive', 'On-campus Service - Positive']}, {'start': 180, 'end': 329, 'aspects': [], 'sentiments': [], 'raw_labels': ['Mental Health Service - Suggestion', 'Therapy Service - Suggestion', 'Service Availability - Suggestion']}]"
300,"cmhc is pretty good, but it seems confusing to a student who’s never used it.","[{'start': 0, 'end': 19, 'aspects': ['On-campus Service'], 'sentiments': ['Positive'], 'raw_labels': ['Mental Health Service - Positive', 'On-campus Service - Positive', 'On-campus Service - Positive']}, {'start': 24, 'end': 77, 'aspects': [], 'sentiments': [], 'raw_labels': ['Mental Health Service - Suggestion', 'On-campus Service - Limitation']}]"
301,my roommate uses the free therapy here and says it works well. i personally have not used many resources provided by the university in terms of mental health. ,"[{'start': 0, 'end': 62, 'aspects': ['Therapy Service'], 'sentiments': ['Positive'], 'raw_labels': ['Therapy Service - Positive', 'Therapy Service - Positive', 'On-campus Service - Positive']}, {'start': 62, 'end': 159, 'aspects': [], 'sentiments': [], 'raw_labels': ['General - Neutral', 'On-campus Service - Neutral']}]"
302,the wellness counseling is spectacular but please give them a raise and expand the staff.  i had to wait a month to get help sometimes.,"[{'start': 0, 'end': 38, 'aspects': ['Counseling Service'], 'sentiments': ['Positive'], 'raw_labels': ['Counseling Service - Positive', 'Counseling Service - Positive', 'Wellness Service - Positive']}, {'start': 39, 'end': 89, 'aspects': [], 'sentiments': [], 'raw_labels': ['Service Availability - Negative', 'Wellness Service - Suggestion']}]"
303,i think my actual success coach has been helping. but the resources or knowledge of them need to be talked about more,"[{'start': 0, 'end': 49, 'aspects': ['Wellness Service'], 'sentiments': ['Positive'], 'raw_labels': ['Wellness Service - Positive', 'Wellness Service - Positive', 'Counseling Service - Positive']}, {'start': 50, 'end': 117, 'aspects': [], 'sentiments': [], 'raw_labels': ['Service Availability - Negative', 'Mental Health Service - Limitation', 'On-campus Service - Suggestion']}]"
304,"my college has counseling, support groups, psychiatry. i have been to counseling and psychiatry at my college. my psychiatrist was amazing but they recently no longer take my insurance. the counseling was not something i would recommend to others. it is limited to short term surface level issues and nothing else. i was referred to go off campus but not given any resources. ","[{'start': 186, 'end': 247, 'aspects': ['Counseling Service'], 'sentiments': ['Negative'], 'raw_labels': ['Counseling Service - Negative', 'Counseling Service - Negative']}, {'start': 111, 'end': 138, 'aspects': ['Therapy Service'], 'sentiments': ['Positive'], 'raw_labels': ['Therapy Service - Positive', 'Therapy Service - Positive']}]"
305,i don’t know as i’ve never used any of the wellness services provided.,"[{'start': 0, 'end': 70, 'aspects': ['General'], 'sentiments': ['Neutral'], 'raw_labels': ['General - Neutral', 'General - Neutral', 'General - Neutral']}]"
306,counseling services work well for those who are able to get appointments.,"[{'start': 0, 'end': 30, 'aspects': ['Counseling Service'], 'sentiments': ['Positive'], 'raw_labels': ['Counseling Service - Positive', 'Counseling Service - Positive']}, {'start': 30, 'end': 73, 'aspects': ['Service Availability'], 'sentiments': ['Negative'], 'raw_labels': ['Service Availability - Limitation', 'Service Availability - Limitation']}]"
307,"not sure, i haven’t sought any resources from the university in this regard. ","[{'start': 0, 'end': 77, 'aspects': ['General'], 'sentiments': ['Neutral'], 'raw_labels': ['General - Neutral', 'General - Neutral', 'General - Neutral']}]"
308,can easily schedule an appointment but need to wait a month for it.,"[{'start': 0, 'end': 34, 'aspects': [], 'sentiments': [], 'raw_labels': ['Service Availability - Positive', 'Counseling Service - Positive']}, {'start': 34, 'end': 67, 'aspects': ['Service Availability'], 'sentiments': ['Negative'], 'raw_labels': ['Service Availability - Limitation', 'Service Availability - Limitation']}]"
309,"telehealth is easily accessible. but i hope there’s more information on mental health and how to handle it whether it would be you or your friends. also, more information on how to get therapy.","[{'start': 0, 'end': 32, 'aspects': ['Hotline Service'], 'sentiments': ['Positive'], 'raw_labels': ['Hotline Service - Positive', 'Hotline Service - Positive', 'Hotline Service - Positive']}, {'start': 33, 'end': 193, 'aspects': ['Mental Health Service'], 'sentiments': ['Negative'], 'raw_labels': ['Mental Health Service - Suggestion', 'Mental Health Service - Suggestion', 'On-campus Service - Suggestion']}, {'start': 148, 'end': 193, 'aspects': ['Therapy Service'], 'sentiments': ['Negative'], 'raw_labels': ['Therapy Service - Suggestion', 'Therapy Service - Suggestion']}]"
310,"i haven't really accessed the mental health/wellness services because the only ones i really know about are counseling. that costs money and i can already hardly afford college as is, so i never sought it out. but in terms of what may need more attention, i feel that students could benefit from boosting their self-worth/self-respect. i'm not sure what could be implemented to do that though.","[{'start': 0, 'end': 209, 'aspects': ['General'], 'sentiments': ['Neutral'], 'raw_label': 'General - Neutral'}, {'start': 256, 'end': 393, 'aspects': ['General'], 'sentiments': ['Negative'], 'raw_label': 'General - Suggestion'}]"
311,"the quality of the services have been well but there needs to be more specialists available, especially in the resource centers on campus.","[{'start': 0, 'end': 42, 'aspects': ['On-campus Service'], 'sentiments': ['Positive'], 'raw_labels': ['On-campus Service - Positive', 'On-campus Service - Positive', 'On-campus Service - Positive']}, {'start': 47, 'end': 138, 'aspects': ['Service Availability'], 'sentiments': ['Negative'], 'raw_labels': ['Service Availability - Suggestion', 'Service Availability - Suggestion']}]"
312,i do not currently use mental health services provided by my college. maybe if i heard more about it i would. ,"[{'start': 0, 'end': 110, 'aspects': ['General'], 'sentiments': ['Neutral'], 'raw_labels': ['General - Neutral', 'General - Neutral', 'On-campus Service - Limitation']}]"
313,it’s good that we have psychologists but we need more staff with diverse identities and who can diagnose mental health conditions.,"[{'start': 41, 'end': 130, 'aspects': ['Service Availability'], 'sentiments': ['Negative'], 'raw_labels': ['Service Availability - Negative', 'Service Availability - Suggestion', 'Therapy Service - Suggestion']}, {'start': 0, 'end': 36, 'aspects': ['Therapy Service'], 'sentiments': ['Positive'], 'raw_labels': ['Therapy Service - Positive', 'Therapy Service - Positive']}]"
314,i am not sure as i have not used the mental health services offered at my school,"[{'start': 0, 'end': 80, 'aspects': ['General'], 'sentiments': ['Neutral'], 'raw_labels': ['General - Neutral', 'General - Neutral', 'General - Neutral']}]"
315,caps can be an excellent resource to use but experiences can vary from person to person,"[{'start': 0, 'end': 87, 'aspects': ['General'], 'sentiments': ['Neutral'], 'raw_labels': ['General - Neutral', 'On-campus Service - Neutral', 'General - Neutral']}]"
316,not very much. have heard from many people that the caps therapists are not helpful at all,"[{'start': 15, 'end': 90, 'aspects': ['Counseling Service'], 'sentiments': ['Negative'], 'raw_label': 'Counseling Service - Negative'}]"
317,more attention needs to be paid to the connection between disabilities office and mental health,"[{'start': 0, 'end': 95, 'aspects': ['Wellness Service'], 'sentiments': ['Negative'], 'raw_label': 'Wellness Service - Suggestion'}]"
318,i feel like the ability to talk to a counselor through the campus whenever you need it is a good resource. i wish that there was a psychiatric professional available on campus.,"[{'start': 0, 'end': 106, 'aspects': ['Counseling Service'], 'sentiments': ['Positive'], 'raw_labels': ['Counseling Service - Positive', 'Counseling Service - Positive', 'Counseling Service - Positive']}, {'start': 106, 'end': 176, 'aspects': [], 'sentiments': [], 'raw_labels': ['Therapy Service - Suggestion', 'Service Availability - Suggestion']}]"
319,in my opinions i don’t think any of the asu offered wellness services work. they are never really able to help students. i think the entire department needs to be reevaluated and help.,"[{'start': 0, 'end': 75, 'aspects': ['Wellness Service'], 'sentiments': ['Negative'], 'raw_labels': ['Wellness Service - Negative', 'Wellness Service - Suggestion', 'On-campus Service - Negative']}]"
320,i think that the mental health services available are enough for me ,"[{'start': 0, 'end': 67, 'aspects': ['Mental Health Service'], 'sentiments': ['Positive'], 'raw_labels': ['Mental Health Service - Positive', 'On-campus Service - Positive', 'Mental Health Service - Positive']}]"
321,peer counseling services are nice to have. we need more access to therapy.,"[{'start': 0, 'end': 42, 'aspects': ['Counseling Service'], 'sentiments': ['Positive'], 'raw_labels': ['Counseling Service - Positive', 'Counseling Service - Positive', 'On-campus Service - Positive']}, {'start': 43, 'end': 74, 'aspects': ['Therapy Service'], 'sentiments': ['Negative'], 'raw_labels': ['Therapy Service - Negative', 'Therapy Service - Suggestion', 'Therapy Service - Suggestion']}]"
322,we have a lot of focus toward mental health related to school stress but i feel that more focus should be added to general life stress.,"[{'start': 0, 'end': 68, 'aspects': ['Mental Health Service'], 'sentiments': ['Positive'], 'raw_labels': ['Mental Health Service - Positive', 'Mental Health Service - Positive']}, {'start': 73, 'end': 135, 'aspects': ['Mental Health Service'], 'sentiments': ['Negative'], 'raw_labels': ['Mental Health Service - Suggestion', 'Mental Health Service - Suggestion']}]"
323,"i like the service of in-person counseling at the tang center, but i wish i was able to get more frequent visits rather than every month","[{'start': 0, 'end': 62, 'aspects': ['Counseling Service'], 'sentiments': ['Positive'], 'raw_labels': ['Counseling Service - Positive', 'Counseling Service - Positive', 'Counseling Service - Positive']}, {'start': 67, 'end': 136, 'aspects': ['Service Availability'], 'sentiments': ['Negative'], 'raw_labels': ['Service Availability - Negative', 'Service Availability - Suggestion', 'Service Availability - Suggestion']}]"
324,provided counseling but can only go once a month for a maximum of 6 months really sucks for people that need more help ,"[{'start': 0, 'end': 119, 'aspects': ['Service Availability'], 'sentiments': ['Negative'], 'raw_labels': ['Service Availability - Negative', 'Service Availability - Limitation']}]"
325,"i haven't utilized the mental health services but i think that we should have more indirect services that support mental health. it can be less intimidating for students to go out to a mental health program that's beneficial to them than seeking a guidance counselor directly from my own personal experience. if there are resources, maybe they need a way to promote these better? a suggestion i have is to reach out to advisors of each college and ask for them to send out emails/announcements about these events.","[{'start': 50, 'end': 128, 'aspects': ['Mental Health Service'], 'sentiments': ['Negative'], 'raw_label': 'Mental Health Service - Suggestion'}, {'start': 309, 'end': 379, 'aspects': ['Service Availability'], 'sentiments': ['Negative'], 'raw_label': 'Service Availability - Negative'}]"
326,"one-on-one therapy talks 

aspects of mental health and wellness that need more attention would probably be more of a psychiatrist on campus that can diagnose if someone has any sort of disorder. ","[{'start': 0, 'end': 25, 'aspects': ['Therapy Service'], 'sentiments': ['Positive'], 'raw_labels': ['Therapy Service - Positive', 'Therapy Service - Positive', 'Therapy Service - Positive']}, {'start': 27, 'end': 196, 'aspects': ['Therapy Service'], 'sentiments': ['Negative'], 'raw_labels': ['Service Availability - Suggestion', 'Therapy Service - Suggestion', 'Therapy Service - Suggestion']}]"
327,"to be totally honest, i’ve heard nothing but negative things about the professionalism and effectiveness of ut mental health services.","[{'start': 0, 'end': 134, 'aspects': ['Mental Health Service'], 'sentiments': ['Negative'], 'raw_labels': ['Mental Health Service - Negative', 'Mental Health Service - Limitation', 'Mental Health Service - Negative']}]"
328,"i have not yet taken advantage of any mental health or wellness services provided by my college. however, based on the things that i've heard from others, i would say that these services should be expanded. for example, more counselors and a more helpful hotline should be made available to students.","[{'start': 156, 'end': 206, 'aspects': ['Service Availability'], 'sentiments': ['Negative'], 'raw_label': 'Service Availability - Negative'}]"
329,"the online services seem to be helpful from what i’ve heard, but it might be good to have a more diverse staff for it. ","[{'start': 0, 'end': 59, 'aspects': ['On-campus Service'], 'sentiments': ['Positive'], 'raw_labels': ['On-campus Service - Positive', 'On-campus Service - Positive', 'Counseling Service - Positive']}, {'start': 61, 'end': 119, 'aspects': ['Service Availability'], 'sentiments': ['Negative'], 'raw_labels': ['Service Availability - Suggestion', 'Service Availability - Suggestion', 'Counseling Service - Suggestion']}]"
330,i have heard telehealth has been good because it’s easy to get an appointment quickly. ,"[{'start': 0, 'end': 87, 'aspects': ['Hotline Service'], 'sentiments': ['Positive'], 'raw_labels': ['Hotline Service - Positive', 'Hotline Service - Positive', 'Hotline Service - Positive']}]"
331,"i think the short-term sessions are great, but the fact that it can take months to get a consultation before starting to talk to someone is ridiculous. a person’s mental state could severely deteriorate before they’re able to see someone on campus.","[{'start': 0, 'end': 41, 'aspects': ['Counseling Service'], 'sentiments': ['Positive'], 'raw_labels': ['Therapy Service - Positive', 'Counseling Service - Positive', 'Counseling Service - Positive']}, {'start': 47, 'end': 248, 'aspects': ['Service Availability'], 'sentiments': ['Negative'], 'raw_labels': ['Service Availability - Limitation', 'Service Availability - Limitation']}]"
332,i do not know how the services function as i have never required them.,"[{'start': 0, 'end': 70, 'aspects': ['General'], 'sentiments': ['Neutral'], 'raw_labels': ['General - Neutral', 'General - Neutral', 'General - Neutral']}]"
333,timely md was a great addition. just all psychiatry as a whole. students should be able to get in to see someone immediately. mental health isn't something that can wait a couple of months. ,"[{'start': 64, 'end': 125, 'aspects': ['Service Availability'], 'sentiments': ['Negative'], 'raw_labels': ['Service Availability - Negative', 'Service Availability - Suggestion']}, {'start': 0, 'end': 62, 'aspects': [], 'sentiments': [], 'raw_labels': ['On-campus Service - Positive', 'Therapy Service - Positive']}]"
334,"i don’t know too much about campus mental health resources, so i can’t say. i do think more effort needs to be put into promoting campus wellness resources.","[{'start': 76, 'end': 156, 'aspects': ['Wellness Service'], 'sentiments': ['Negative'], 'raw_label': 'Wellness Service - Negative'}]"
335,not sure i have not used the services because i honestly didn't know about them.,"[{'start': 0, 'end': 80, 'aspects': ['General'], 'sentiments': ['Neutral'], 'raw_labels': ['General - Neutral', 'General - Neutral', 'General - Neutral']}]"
336,they have a virtual counseling service which i think works well for people with anxiety about going into a physical counseling space. ,"[{'start': 0, 'end': 134, 'aspects': ['Counseling Service'], 'sentiments': ['Positive'], 'raw_labels': ['Counseling Service - Positive', 'Counseling Service - Positive', 'Mental Health Service - Positive']}]"
337,"we have a team of therapists and i believe a few psychiatrists, who provide therapy and can prescribe medication. however, they're just unprepared to deal with so many students.","[{'start': 0, 'end': 113, 'aspects': ['Therapy Service'], 'sentiments': ['Positive'], 'raw_labels': ['Therapy Service - Positive', 'Therapy Service - Positive', 'On-campus Service - Positive']}, {'start': 114, 'end': 177, 'aspects': ['Service Availability'], 'sentiments': ['Negative'], 'raw_labels': ['Service Availability - Negative', 'Service Availability - Limitation', 'Service Availability - Negative']}]"
338,"i have been on the waitlist for seeing a counselor at the lgbtq clinic for over 3 months now. i understand this is a busy time for them, but this is ridiculous, they could at least recommend somewhere else to go or somebody to see on campus.","[{'start': 0, 'end': 241, 'aspects': ['Service Availability'], 'sentiments': ['Negative'], 'raw_labels': ['Service Availability - Negative', 'Service Availability - Limitation', 'Service Availability - Negative']}]"
339,"i gave up on my college's mental health services long ago. i reached out to them expressing that i was suicidal, and i was put on a four month long waiting list.","[{'start': 59, 'end': 161, 'aspects': ['Mental Health Service'], 'sentiments': ['Negative'], 'raw_label': 'Mental Health Service - Negative'}]"
340,"caps is incredibly underfunded and overworks/underpays all its grad student staff, which makes caps a very unhelpful and unfriendly resource even though it's pushed all then time.","[{'start': 0, 'end': 179, 'aspects': ['On-campus Service'], 'sentiments': ['Negative'], 'raw_label': 'On-campus Service - Negative'}]"
341,more one on one patience with students and more counselors and tutors to help,"[{'start': 0, 'end': 77, 'aspects': ['Counseling Service'], 'sentiments': ['Negative'], 'raw_label': 'Counseling Service - Negative'}]"
342,"while i have not used the mental health services on campus, i am aware that they have a 24 hour hotline which i appreciate. however, i have heard that the counselling is not particularly useful","[{'start': 59, 'end': 123, 'aspects': ['Hotline Service'], 'sentiments': ['Positive'], 'raw_labels': ['Hotline Service - Positive', 'Hotline Service - Positive', 'Hotline Service - Positive']}, {'start': 124, 'end': 193, 'aspects': ['Counseling Service'], 'sentiments': ['Negative'], 'raw_labels': ['Counseling Service - Negative', 'Counseling Service - Limitation', 'Counseling Service - Negative']}]"
343,i feel like the teachers need more training and understanding of how different mental illnesses affect school work. i have had many teachers be patient with me but also a handful who have completely blown me off and wouldn’t help me in any way. ,"[{'start': 0, 'end': 115, 'aspects': ['General'], 'sentiments': ['Negative'], 'raw_labels': ['Counseling Service - Negative', 'General - Suggestion', 'General - Suggestion']}, {'start': 115, 'end': 245, 'aspects': ['General'], 'sentiments': ['Negative'], 'raw_labels': ['General - Negative', 'General - Limitation']}]"
344,i think that fordham could definitely use more mental health professionals so that there isn’t such a long wait to see someone.,"[{'start': 0, 'end': 127, 'aspects': ['Service Availability'], 'sentiments': ['Negative'], 'raw_labels': ['Service Availability - Negative', 'Service Availability - Suggestion', 'Service Availability - Suggestion']}]"
345,"availability & advertisement of services is working well. off campus-resources needs more attention 
","[{'start': 0, 'end': 57, 'aspects': [], 'sentiments': [], 'raw_labels': ['Service Availability - Positive', 'Mental Health Service - Positive', 'On-campus Service - Positive']}, {'start': 57, 'end': 100, 'aspects': ['On-campus Service'], 'sentiments': ['Negative'], 'raw_labels': ['On-campus Service - Negative', 'Service Availability - Limitation', 'On-campus Service - Suggestion']}]"
346,it is good that all students have access to counseling but the waitlist is insane. ,"[{'start': 0, 'end': 54, 'aspects': ['Counseling Service'], 'sentiments': ['Positive'], 'raw_labels': ['Counseling Service - Positive', 'Counseling Service - Positive', 'Counseling Service - Positive']}, {'start': 55, 'end': 83, 'aspects': ['Service Availability'], 'sentiments': ['Negative'], 'raw_labels': ['Counseling Service - Negative', 'Service Availability - Limitation', 'Service Availability - Negative']}]"
347,"i feel it is most important to be able to have a hotline for students to have open 24/7, run by students for students","[{'start': 0, 'end': 117, 'aspects': ['Hotline Service'], 'sentiments': ['Negative'], 'raw_labels': ['Hotline Service - Suggestion', 'Hotline Service - Suggestion', 'Service Availability - Suggestion']}]"
348,telehealth is working well but we need more support on campus for students who want to  talk to someone in person,"[{'start': 0, 'end': 26, 'aspects': ['Hotline Service'], 'sentiments': ['Positive'], 'raw_labels': ['Hotline Service - Positive', 'Hotline Service - Positive', 'Hotline Service - Positive']}, {'start': 27, 'end': 113, 'aspects': ['Counseling Service'], 'sentiments': ['Negative'], 'raw_labels': ['On-campus Service - Negative', 'Counseling Service - Suggestion', 'Counseling Service - Suggestion']}]"
349,clubs prioritizing mental health is working well. bringing awareness to professional resources needs more attention.,"[{'start': 0, 'end': 49, 'aspects': ['Mental Health Service'], 'sentiments': ['Positive'], 'raw_labels': ['Mental Health Service - Positive', 'Wellness Service - Positive', 'Mental Health Service - Positive']}, {'start': 50, 'end': 116, 'aspects': [], 'sentiments': [], 'raw_labels': ['Counseling Service - Suggestion', 'Mental Health Service - Suggestion', 'On-campus Service - Suggestion']}]"
350,"i am not sure, but students have often criticized rowan's mental health assistance","[{'start': 0, 'end': 82, 'aspects': ['Mental Health Service'], 'sentiments': ['Negative'], 'raw_labels': ['Mental Health Service - Negative', 'Mental Health Service - Limitation', 'Mental Health Service - Negative']}]"
351,"caps
more attention to make services more appealing for students to attend","[{'start': 0, 'end': 4, 'aspects': ['On-campus Service'], 'sentiments': ['Positive'], 'raw_label': 'On-campus Service - Positive'}, {'start': 5, 'end': 74, 'aspects': ['General'], 'sentiments': ['Negative'], 'raw_label': 'General - Suggestion'}]"
352,"what was the worst for me was the fact that the mental health resources of the school aren't available for study abroad students, which i get is due to licensing but i would have appreciated more resources being available during study abroad programs.","[{'start': 0, 'end': 251, 'aspects': ['On-campus Service'], 'sentiments': ['Negative'], 'raw_labels': ['Service Availability - Negative', 'On-campus Service - Negative', 'On-campus Service - Limitation']}, {'start': 130, 'end': 251, 'aspects': ['On-campus Service'], 'sentiments': ['Negative'], 'raw_labels': ['On-campus Service - Suggestion', 'On-campus Service - Suggestion']}]"
353,i think it has ok access and the service seems fine. my main issue is how hard it is to schedule sometimes. ,"[{'start': 0, 'end': 52, 'aspects': ['On-campus Service'], 'sentiments': ['Positive'], 'raw_labels': ['On-campus Service - Positive', 'On-campus Service - Positive', 'On-campus Service - Positive']}, {'start': 53, 'end': 108, 'aspects': ['Service Availability'], 'sentiments': ['Negative'], 'raw_labels': ['Service Availability - Negative', 'Service Availability - Limitation', 'Service Availability - Limitation']}]"
354,"iws is great, but mental health needs to be more student-focused. get some peer groups going.","[{'start': 0, 'end': 12, 'aspects': ['On-campus Service'], 'sentiments': ['Positive'], 'raw_labels': ['On-campus Service - Positive', 'On-campus Service - Positive']}, {'start': 0, 'end': 65, 'aspects': ['Mental Health Service'], 'sentiments': ['Negative'], 'raw_labels': ['Mental Health Service - Suggestion', 'Mental Health Service - Suggestion', 'Mental Health Service - Suggestion']}, {'start': 66, 'end': 93, 'aspects': [], 'sentiments': [], 'raw_labels': ['Mental Health Service - Suggestion', 'On-campus Service - Suggestion']}]"
355,"none, psychologist and therapist appointments are months out and if you go to them saying you're in an emergency you're locked up in the pysch ward for 72 hours with no beds, food, or phone access to call for help","[{'start': 0, 'end': 60, 'aspects': ['Service Availability'], 'sentiments': ['Negative'], 'raw_labels': ['Service Availability - Negative', 'Service Availability - Limitation', 'Service Availability - Limitation']}, {'start': 64, 'end': 213, 'aspects': ['Therapy Service'], 'sentiments': ['Negative'], 'raw_labels': ['Therapy Service - Negative', 'Therapy Service - Limitation']}]"
356,"i think th e telecounseling has worked very well, especially with covid","[{'start': 0, 'end': 71, 'aspects': ['Counseling Service'], 'sentiments': ['Positive'], 'raw_labels': ['Counseling Service - Positive', 'Counseling Service - Positive', 'Counseling Service - Positive']}]"
357,i believe their student health and wellness program is good and is an outlet for good resources. i believe their online resources such as tele-counseling needs more help. ,"[{'start': 0, 'end': 96, 'aspects': ['Wellness Service'], 'sentiments': ['Positive'], 'raw_labels': ['Wellness Service - Positive', 'Wellness Service - Positive', 'Wellness Service - Positive']}, {'start': 97, 'end': 171, 'aspects': ['Counseling Service'], 'sentiments': ['Negative'], 'raw_labels': ['Counseling Service - Suggestion', 'Counseling Service - Suggestion', 'Counseling Service - Suggestion']}]"
358,i have never struggled with mental health issues. i do not know what my college needs to do or works well.,"[{'start': 0, 'end': 106, 'aspects': ['General'], 'sentiments': ['Neutral'], 'raw_labels': ['General - Neutral', 'General - Neutral', 'General - Neutral']}]"
359,the well for sexual health supplies. they can add in person mental health services instead of online.,"[{'start': 0, 'end': 36, 'aspects': ['Wellness Service'], 'sentiments': ['Positive'], 'raw_labels': ['Wellness Service - Positive', 'Wellness Service - Positive', 'General - Positive']}, {'start': 37, 'end': 101, 'aspects': ['Mental Health Service'], 'sentiments': ['Negative'], 'raw_labels': ['Mental Health Service - Suggestion', 'Mental Health Service - Suggestion']}]"
360,i'm not fully aware of all the mental health or wellness services provided by the school so i think it needs to be promoted more and posted throughout campus.,"[{'start': 92, 'end': 158, 'aspects': ['Service Availability'], 'sentiments': ['Negative'], 'raw_label': 'Service Availability - Suggestion'}]"
361,the counseling center of kalamazoo college is known amongst the students to be generally very bad at the services it provides,"[{'start': 0, 'end': 125, 'aspects': ['Counseling Service'], 'sentiments': ['Negative'], 'raw_labels': ['Counseling Service - Negative', 'Counseling Service - Limitation', 'On-campus Service - Negative']}]"
362,"i think the college needs to focus on getting more therapists and people to help students. i tried signing up for mental health services and was put on a waitlist, which didn’t help me any","[{'start': 0, 'end': 90, 'aspects': ['Service Availability'], 'sentiments': ['Negative'], 'raw_labels': ['Service Availability - Suggestion', 'Service Availability - Suggestion']}, {'start': 90, 'end': 188, 'aspects': [], 'sentiments': [], 'raw_labels': ['Service Availability - Limitation', 'On-campus Service - Limitation']}]"
363,"caps is a nice resource to have, but it needs more attention and expansion","[{'start': 0, 'end': 32, 'aspects': ['On-campus Service'], 'sentiments': ['Positive'], 'raw_labels': ['On-campus Service - Positive', 'On-campus Service - Positive', 'Counseling Service - Positive']}, {'start': 33, 'end': 74, 'aspects': ['Service Availability'], 'sentiments': ['Negative'], 'raw_labels': ['Service Availability - Negative', 'Service Availability - Suggestion', 'Service Availability - Suggestion']}]"
364,"the people who check in when given a tip are fantastic, it's the follow through and long-term resources that need work. ","[{'start': 0, 'end': 54, 'aspects': ['On-campus Service'], 'sentiments': ['Positive'], 'raw_label': 'On-campus Service - Positive'}, {'start': 56, 'end': 119, 'aspects': ['Mental Health Service'], 'sentiments': ['Negative'], 'raw_label': 'Mental Health Service - Suggestion'}]"
365,there needs to be more opportunity for individual therapy before people are in crisis.  not enough preventative measures.,"[{'start': 0, 'end': 86, 'aspects': ['Therapy Service'], 'sentiments': ['Negative'], 'raw_labels': ['Therapy Service - Negative', 'Therapy Service - Suggestion', 'Therapy Service - Suggestion']}, {'start': 88, 'end': 121, 'aspects': [], 'sentiments': [], 'raw_labels': ['Mental Health Service - Suggestion', 'On-campus Service - Limitation']}]"
366,"the fact that mental health services are offered is a step in the right direction, but it does not seem to be meeting the sheer demand of students who require assistance. counselling needs to be expanded, in addition to being made more accessible and personalised for students, or else its efficacy, in my opinion, will be severely limited.","[{'start': 0, 'end': 81, 'aspects': ['Mental Health Service'], 'sentiments': ['Positive'], 'raw_labels': ['Mental Health Service - Positive', 'Mental Health Service - Positive']}, {'start': 87, 'end': 171, 'aspects': [], 'sentiments': [], 'raw_labels': ['Mental Health Service - Negative', 'Service Availability - Negative']}, {'start': 205, 'end': 340, 'aspects': [], 'sentiments': [], 'raw_labels': ['Counseling Service - Suggestion', 'On-campus Service - Suggestion']}]"
367,"i never participated in the wellness services provided by my college; however, my college does offer 24-hour mental health counseling through phone calls (and a mobile app i believe). ","[{'start': 79, 'end': 184, 'aspects': ['Hotline Service'], 'sentiments': ['Positive'], 'raw_labels': ['Counseling Service - Positive', 'Hotline Service - Positive', 'Hotline Service - Positive']}]"
368,caps has been able to help me with counseling services and finding what is best for me right now.,"[{'start': 0, 'end': 54, 'aspects': ['Counseling Service'], 'sentiments': ['Positive'], 'raw_label': 'Counseling Service - Positive'}]"
369,"i enjoy the pet therapy program and i believe that works well, i believe the campus needs more long term therapy options and an in office psychiatrist.","[{'start': 0, 'end': 61, 'aspects': ['Wellness Service'], 'sentiments': ['Positive'], 'raw_labels': ['Therapy Service - Positive', 'Wellness Service - Positive', 'Wellness Service - Positive']}, {'start': 63, 'end': 151, 'aspects': ['Therapy Service'], 'sentiments': ['Negative'], 'raw_labels': ['Therapy Service - Suggestion', 'Therapy Service - Suggestion', 'Therapy Service - Suggestion']}]"
370,being able to visit a counselor at most times is really helpful in this aspect. ,"[{'start': 0, 'end': 79, 'aspects': ['Counseling Service'], 'sentiments': ['Positive'], 'raw_labels': ['Counseling Service - Positive', 'Counseling Service - Positive', 'Counseling Service - Positive']}]"
371,"there are some counselors available which is good, but not nearly enough.","[{'start': 0, 'end': 50, 'aspects': ['Counseling Service'], 'sentiments': ['Positive'], 'raw_labels': ['Counseling Service - Positive', 'Counseling Service - Positive', 'Counseling Service - Positive']}, {'start': 50, 'end': 73, 'aspects': ['Service Availability'], 'sentiments': ['Negative'], 'raw_labels': ['Service Availability - Negative', 'Service Availability - Limitation', 'Service Availability - Limitation']}]"
372,the mental health service that is helping students is the coaches that we get. it helps students to always have someone to talk.,"[{'start': 0, 'end': 128, 'aspects': ['Mental Health Service'], 'sentiments': ['Positive'], 'raw_labels': ['Mental Health Service - Positive', 'Mental Health Service - Limitation', 'Mental Health Service - Positive']}]"
373,i feel that the ability to speak with counselors on and off campus is working really well for students.,"[{'start': 0, 'end': 103, 'aspects': ['Counseling Service'], 'sentiments': ['Positive'], 'raw_labels': ['Counseling Service - Positive', 'Counseling Service - Positive', 'Counseling Service - Positive']}]"
374,i haven't been to any of the mental health and wellness services here,"[{'start': 0, 'end': 69, 'aspects': ['General'], 'sentiments': ['Neutral'], 'raw_labels': ['General - Neutral', 'General - Neutral', 'General - Neutral']}]"
375,"not nearly enough counselors or therapists, and they often just try to refer people outside of the counseling center. they make it pretty difficult to get signed up in the first place. they only want to do short term counseling before outsourcing people. i know a lot of people who just didn't like the staff as well and said they didn't take them super seriously. also they only want to meet every two weeks. 

at least they provide it for free. some people really like their counselors as well. i like mine. i'm lucky i only need some minimal talking and that i'm graduating otherwise i'd have been sent away as well which is such a mission to set up and probably expensive or a lot of work to set up with insurance. ","[{'start': 0, 'end': 184, 'aspects': ['Service Availability'], 'sentiments': ['Negative'], 'raw_labels': ['Service Availability - Negative', 'Service Availability - Limitation']}, {'start': 255, 'end': 364, 'aspects': [], 'sentiments': [], 'raw_labels': ['Wellness Service - Negative', 'Counseling Service - Negative']}, {'start': 412, 'end': 576, 'aspects': ['Counseling Service'], 'sentiments': ['Positive'], 'raw_labels': ['Counseling Service - Positive', 'Counseling Service - Positive']}, {'start': 562, 'end': 718, 'aspects': [], 'sentiments': [], 'raw_labels': ['Service Availability - Limitation', 'General - Limitation']}]"
376,i really have not pursued any of these devices so i’m not sure but i’ve heard it can be difficult to get an appontment,"[{'start': 0, 'end': 62, 'aspects': ['General'], 'sentiments': ['Neutral'], 'raw_labels': ['General - Neutral', 'General - Neutral']}, {'start': 66, 'end': 118, 'aspects': ['Service Availability'], 'sentiments': ['Negative'], 'raw_labels': ['Service Availability - Limitation', 'Service Availability - Limitation']}]"
377,i don’t really know about any of them but i think some are conducted by graduate students,"[{'start': 0, 'end': 89, 'aspects': ['General'], 'sentiments': ['Neutral'], 'raw_labels': ['General - Neutral', 'General - Neutral']}]"
378,"they do a decent job of advertising what ""is available"". unfortunately, when i've tried to utilize services they were unable to support me due to lack of staff and resources, etc.","[{'start': 57, 'end': 179, 'aspects': ['Service Availability'], 'sentiments': ['Negative'], 'raw_labels': ['Service Availability - Negative', 'Service Availability - Limitation', 'Service Availability - Limitation']}, {'start': 0, 'end': 56, 'aspects': [], 'sentiments': [], 'raw_labels': ['Mental Health Service - Positive', 'On-campus Service - Positive']}]"
379, none. never able to make an appointment with the psychiatrist or psychologist of the student health center,"[{'start': 0, 'end': 107, 'aspects': ['Service Availability'], 'sentiments': ['Negative'], 'raw_labels': ['Service Availability - Negative', 'Service Availability - Limitation', 'Therapy Service - Negative']}]"
380,there is a counselor and an online quiz thing. i'm an online student,"[{'start': 0, 'end': 68, 'aspects': ['Counseling Service'], 'sentiments': ['Neutral'], 'raw_labels': ['Counseling Service - Neutral', 'Counseling Service - Neutral', 'General - Limitation']}]"
381,"the student support team at my college has been very helpful in supporting my mental health.

i think more attention should be paid on the negative impact of stress from school has on students' mental health.","[{'start': 0, 'end': 92, 'aspects': ['Mental Health Service'], 'sentiments': ['Positive'], 'raw_labels': ['On-campus Service - Positive', 'Mental Health Service - Positive', 'Mental Health Service - Positive']}, {'start': 94, 'end': 208, 'aspects': ['Mental Health Service'], 'sentiments': ['Negative'], 'raw_labels': ['Mental Health Service - Suggestion', 'Mental Health Service - Suggestion', 'General - Suggestion']}]"
382,"i have limited experience with mental health services at osu. i would like to reach out for help, and talk to someone. ","[{'start': 0, 'end': 118, 'aspects': ['Mental Health Service'], 'sentiments': ['Neutral'], 'raw_label': 'Mental Health Service - Neutral'}]"
383,"i love the space on the main campus, it's so welcoming and safe, it doesn't even feel like i'm on campus. i also like how many, not all, of the counselors, are licensed professionals, which gives me peace of mind. i think most students agree there needs to be more counselors or if not a good relationship with a network of counselors. once you are in the system it's not bad to get an appointment, but the initial appointment is hard to get.","[{'start': 0, 'end': 105, 'aspects': ['On-campus Service'], 'sentiments': ['Positive'], 'raw_labels': ['On-campus Service - Positive', 'On-campus Service - Positive', 'Counseling Service - Positive']}, {'start': 105, 'end': 214, 'aspects': ['Counseling Service'], 'sentiments': ['Positive'], 'raw_labels': ['Counseling Service - Positive', 'Counseling Service - Positive', 'Counseling Service - Positive']}, {'start': 214, 'end': 442, 'aspects': ['Service Availability'], 'sentiments': ['Negative'], 'raw_labels': ['Service Availability - Negative', 'Service Availability - Suggestion']}]"
384,they have a center called caps that you can make appointments with but they are always filled up. that is pretty much all they have so i'd wish they had more options or more space available,"[{'start': 0, 'end': 189, 'aspects': ['Service Availability'], 'sentiments': ['Negative'], 'raw_label': 'Service Availability - Negative'}]"
385,i believe that asu counseling service is working well at helping students with their mental health ,"[{'start': 0, 'end': 99, 'aspects': ['Counseling Service'], 'sentiments': ['Positive'], 'raw_labels': ['Counseling Service - Positive', 'On-campus Service - Positive', 'Counseling Service - Positive']}]"
386,"i am aware that we have mental health resources, but i am not familiar with how to use them nor what repercussions they may have.","[{'start': 0, 'end': 47, 'aspects': ['On-campus Service'], 'sentiments': ['Positive'], 'raw_labels': ['On-campus Service - Positive', 'On-campus Service - Positive']}, {'start': 52, 'end': 129, 'aspects': [], 'sentiments': [], 'raw_labels': ['Mental Health Service - Suggestion', 'On-campus Service - Limitation']}]"
387,i am unaware of the services my college has at the moment as far as this goes,"[{'start': 0, 'end': 77, 'aspects': ['General'], 'sentiments': ['Neutral'], 'raw_label': 'General - Neutral'}]"
388,the mental health aspect needs more attention because us students still struggle even though we are continuing are education.,"[{'start': 0, 'end': 125, 'aspects': ['Mental Health Service'], 'sentiments': ['Negative'], 'raw_labels': ['Mental Health Service - Negative', 'Mental Health Service - Suggestion', 'General - Limitation']}]"
389,"good at detailing metal health resources through email, need more attention on stress from intra-course workloads","[{'start': 0, 'end': 55, 'aspects': ['On-campus Service'], 'sentiments': ['Positive'], 'raw_labels': ['On-campus Service - Positive', 'Mental Health Service - Positive', 'On-campus Service - Positive']}, {'start': 56, 'end': 113, 'aspects': [], 'sentiments': [], 'raw_labels': ['Mental Health Service - Negative', 'Wellness Service - Suggestion', 'General - Suggestion']}]"
390,i think we have had a really good counselor who is always willing to talk to students who are struggling ,"[{'start': 0, 'end': 105, 'aspects': ['Counseling Service'], 'sentiments': ['Positive'], 'raw_labels': ['Counseling Service - Positive', 'Counseling Service - Positive', 'Counseling Service - Positive']}]"
391,the free counseling/therapy sessions that my college provides i hear have been working well for my friends.,"[{'start': 0, 'end': 107, 'aspects': ['On-campus Service'], 'sentiments': ['Positive'], 'raw_label': 'On-campus Service - Positive'}]"
392,"none, i have tried again and again to make an appointment with no luck.","[{'start': 0, 'end': 71, 'aspects': ['Service Availability'], 'sentiments': ['Negative'], 'raw_labels': ['Service Availability - Negative', 'Service Availability - Limitation', 'Service Availability - Negative']}]"
393,"wellness information services and events are working well, however the therapists available and staffing need more funding.","[{'start': 0, 'end': 57, 'aspects': ['Wellness Service'], 'sentiments': ['Positive'], 'raw_labels': ['Wellness Service - Positive', 'Wellness Service - Positive', 'Wellness Service - Positive']}, {'start': 59, 'end': 123, 'aspects': ['Therapy Service'], 'sentiments': ['Negative'], 'raw_labels': ['Therapy Service - Negative', 'Service Availability - Suggestion', 'Therapy Service - Limitation']}]"
394,the consistent emails let me know where i can reach out to if i needed help mentally. ,"[{'start': 0, 'end': 85, 'aspects': ['Service Availability'], 'sentiments': ['Positive'], 'raw_label': 'Service Availability - Positive'}]"
395,"an aspect that needs more attention is the understaffing of cs on campus, i know students that have gone for initial consultations only to be directed elsewhere after and they didn’t continue with that for one reason or another ","[{'start': 0, 'end': 228, 'aspects': ['Service Availability'], 'sentiments': ['Negative'], 'raw_labels': ['Service Availability - Negative', 'Service Availability - Negative', 'Counseling Service - Negative']}, {'start': 0, 'end': 72, 'aspects': ['Service Availability'], 'sentiments': ['Negative'], 'raw_labels': ['Service Availability - Limitation', 'Service Availability - Suggestion']}]"
396,"there are options, and they are fairly knowledgeable.  however, they are too focused on crisis intervention and not focused enough on providing services for those who are not in crisis but still struggle a lot with their mental health.","[{'start': 64, 'end': 235, 'aspects': ['Mental Health Service'], 'sentiments': ['Negative'], 'raw_labels': ['Mental Health Service - Negative', 'Mental Health Service - Limitation', 'Mental Health Service - Negative']}, {'start': 0, 'end': 54, 'aspects': ['On-campus Service'], 'sentiments': ['Positive'], 'raw_labels': ['On-campus Service - Positive', 'On-campus Service - Positive']}]"
397,need more staff for the number of students using them. some of the counselors are not as helpful which deters students from using it,"[{'start': 0, 'end': 54, 'aspects': ['Service Availability'], 'sentiments': ['Negative'], 'raw_labels': ['Service Availability - Negative', 'Service Availability - Suggestion', 'Service Availability - Suggestion']}, {'start': 55, 'end': 132, 'aspects': ['Counseling Service'], 'sentiments': ['Negative'], 'raw_labels': ['Counseling Service - Negative', 'Counseling Service - Limitation', 'Counseling Service - Negative']}]"
398,"i don’t know what services are working well because i personally am unaware of the ones we do have. i think aspects that need more attention are those for students who are first generation. ideas like imposter syndrome play a huge factor. you feel you don’t belong, no one relates, you’re unsure what job you’ll get outside of job, if any at all. i think there should also be more advising on helping students create plans for after college. ","[{'start': 0, 'end': 99, 'aspects': ['General'], 'sentiments': ['Neutral'], 'raw_label': 'General - Neutral'}, {'start': 100, 'end': 346, 'aspects': ['General'], 'sentiments': ['Negative'], 'raw_label': 'General - Negative'}, {'start': 347, 'end': 441, 'aspects': ['On-campus Service'], 'sentiments': ['Negative'], 'raw_label': 'On-campus Service - Suggestion'}]"
399,i have not used any services because the tele services were always completely full when i needed them.,"[{'start': 0, 'end': 102, 'aspects': ['Service Availability'], 'sentiments': ['Negative'], 'raw_labels': ['Service Availability - Negative', 'Service Availability - Limitation', 'Hotline Service - Limitation']}]"
400,caps is a thing but it doesn’t work well. just about the only thing we have.,"[{'start': 0, 'end': 41, 'aspects': ['On-campus Service'], 'sentiments': ['Negative'], 'raw_label': 'On-campus Service - Negative'}]"
401,"i am not currently aware of what oakton offers regarding mental health wellness but i would really appreciate online help or easier classes directed to those who
struggle.","[{'start': 0, 'end': 79, 'aspects': ['On-campus Service'], 'sentiments': ['Neutral'], 'raw_label': 'On-campus Service - Neutral'}, {'start': 80, 'end': 171, 'aspects': ['On-campus Service'], 'sentiments': ['Negative'], 'raw_label': 'On-campus Service - Suggestion'}]"
402,sometimes it is hard for students who are struggling to reach out for help,"[{'start': 0, 'end': 74, 'aspects': ['General'], 'sentiments': ['Negative'], 'raw_labels': ['Service Availability - Negative', 'General - Limitation', 'General - Limitation']}]"
403,i think it's a good thing that people with mental health issues can get special support.  i think it would be an improvement if people were given more opportunities to do activities with others that tend to improve wellness.,"[{'start': 0, 'end': 89, 'aspects': ['Mental Health Service'], 'sentiments': ['Positive'], 'raw_labels': ['Mental Health Service - Positive', 'Mental Health Service - Positive', 'On-campus Service - Positive']}, {'start': 89, 'end': 224, 'aspects': ['Wellness Service'], 'sentiments': ['Negative'], 'raw_labels': ['Wellness Service - Suggestion', 'Wellness Service - Suggestion', 'Wellness Service - Suggestion']}]"
404,"i feel like they should make aware of what type of help is there from the college itself, and not having to search around.","[{'start': 0, 'end': 122, 'aspects': ['Service Availability'], 'sentiments': ['Negative'], 'raw_label': 'Service Availability - Negative'}]"
405,i heard it is impossible to get an appointment at the on campus services ,"[{'start': 0, 'end': 73, 'aspects': ['Service Availability'], 'sentiments': ['Negative'], 'raw_labels': ['Service Availability - Negative', 'Service Availability - Limitation', 'On-campus Service - Limitation']}]"
406,the process to get an appt at the counseling center needs work ,"[{'start': 0, 'end': 62, 'aspects': ['Service Availability'], 'sentiments': ['Negative'], 'raw_label': 'Service Availability - Negative'}]"
407,i don’t know much about the college’s resources so maybe more advertising.,"[{'start': 0, 'end': 74, 'aspects': ['Service Availability'], 'sentiments': ['Negative'], 'raw_label': 'Service Availability - Suggestion'}]"
408,"i have never explicitly used the services given by the college, although looking back there were points where i probably should've. i think more communication and general support from the university would go a long way, since there are probably others who have been in situations like mine. if i knew what services were available and how to receive them it would be easier to get them rather than having to do the research myself when i'm not sure what kind of help i want.","[{'start': 132, 'end': 290, 'aspects': ['On-campus Service'], 'sentiments': ['Negative'], 'raw_labels': ['On-campus Service - Suggestion', 'On-campus Service - Suggestion']}, {'start': 290, 'end': 473, 'aspects': [], 'sentiments': [], 'raw_labels': ['Service Availability - Negative', 'On-campus Service - Suggestion']}]"
409,"i haven’t gone through lsu for mental health services, but my friend has and they have treated her pretty well. she’s being covered by the lighthouse program and they have been really helpful for her. i can’t afford it, but it’d be nice if some of my fees i pay for school were allocated for mental health services.","[{'start': 0, 'end': 111, 'aspects': ['Mental Health Service'], 'sentiments': ['Positive'], 'raw_labels': ['Mental Health Service - Positive', 'Mental Health Service - Positive']}, {'start': 59, 'end': 200, 'aspects': ['On-campus Service'], 'sentiments': ['Positive'], 'raw_labels': ['On-campus Service - Positive', 'On-campus Service - Positive']}, {'start': 201, 'end': 315, 'aspects': [], 'sentiments': [], 'raw_labels': ['Service Availability - Limitation', 'Mental Health Service - Suggestion']}]"
410,"since the campus is so small, there’s no on-campus health clinic. all of those needs have to be addressed off-campus at a nearby primary care office.","[{'start': 0, 'end': 65, 'aspects': ['On-campus Service'], 'sentiments': ['Negative'], 'raw_labels': ['On-campus Service - Negative', 'On-campus Service - Limitation']}, {'start': 65, 'end': 149, 'aspects': [], 'sentiments': [], 'raw_labels': ['Service Availability - Limitation', 'On-campus Service - Limitation']}]"
411,they provide emails weekly that students can use to direct them towards help,"[{'start': 0, 'end': 76, 'aspects': ['On-campus Service'], 'sentiments': ['Positive'], 'raw_labels': ['On-campus Service - Positive', 'Mental Health Service - Positive', 'On-campus Service - Positive']}]"
412,"there's a 24-hour counseling service, which is useful. there needs to be more attention towards physical and mental health declining as a result of academic stresses.","[{'start': 0, 'end': 54, 'aspects': ['Counseling Service'], 'sentiments': ['Positive'], 'raw_labels': ['Hotline Service - Positive', 'Counseling Service - Positive', 'Counseling Service - Positive']}, {'start': 55, 'end': 166, 'aspects': ['Mental Health Service'], 'sentiments': ['Negative'], 'raw_labels': ['Mental Health Service - Suggestion', 'Mental Health Service - Suggestion', 'Mental Health Service - Suggestion']}]"
413,it needs to be easier to make an appointment and to to find ways for students to get regular therapy. ,"[{'start': 0, 'end': 102, 'aspects': ['Service Availability'], 'sentiments': ['Negative'], 'raw_label': 'Service Availability - Negative'}]"
414,"i really enjoyed counseling when i went. however, when they told me i couldn’t do long term counseling, i never heard from them again and felt left alone. ","[{'start': 0, 'end': 40, 'aspects': ['Counseling Service'], 'sentiments': ['Positive'], 'raw_labels': ['Counseling Service - Positive', 'Counseling Service - Positive', 'Counseling Service - Positive']}, {'start': 41, 'end': 155, 'aspects': ['Counseling Service'], 'sentiments': ['Negative'], 'raw_labels': ['Service Availability - Negative', 'Counseling Service - Limitation', 'Counseling Service - Limitation']}]"
415,"i think having counseling services available is working well, but diversity of counselors could use more development","[{'start': 0, 'end': 61, 'aspects': ['Counseling Service'], 'sentiments': ['Positive'], 'raw_labels': ['Counseling Service - Positive', 'Counseling Service - Positive', 'Counseling Service - Positive']}, {'start': 62, 'end': 116, 'aspects': ['Service Availability'], 'sentiments': ['Negative'], 'raw_labels': ['Service Availability - Negative', 'Service Availability - Limitation', 'Counseling Service - Suggestion']}]"
416,i have a few friends who use smu's sports therapists and like them. i think student-athletes need more attention (especially the rowing team).,"[{'start': 0, 'end': 68, 'aspects': ['Therapy Service'], 'sentiments': ['Positive'], 'raw_labels': ['Therapy Service - Positive', 'Wellness Service - Positive', 'Therapy Service - Positive']}, {'start': 68, 'end': 142, 'aspects': [], 'sentiments': [], 'raw_labels': ['General - Neutral', 'Therapy Service - Suggestion']}]"
417,"i haven’t really had the chance to use asus mental health services, and i don’t even know how to begin. ","[{'start': 0, 'end': 103, 'aspects': ['General'], 'sentiments': ['Neutral'], 'raw_labels': ['Mental Health Service - Negative', 'General - Neutral', 'General - Neutral']}]"
418,there is a counseling center but it is always booked months out and by the time you get to a meeting i’m not sure your concern would be needed to be addressed anymore. ,"[{'start': 0, 'end': 168, 'aspects': ['Service Availability'], 'sentiments': ['Negative'], 'raw_labels': ['Service Availability - Negative', 'Service Availability - Limitation', 'Service Availability - Limitation']}]"
419,"i would consider our mental health facilities to be significantly lacking, although we have counselors they are just that, they don’t meet a lot of the requirements that college students need to win they are struggling severely with multiple mental health issues. one of the biggest things with that is that we only have three free visits a year and that is inadequate to any mental health needs","[{'start': 0, 'end': 73, 'aspects': [], 'sentiments': [], 'raw_labels': ['Service Availability - Negative', 'On-campus Service - Negative', 'Mental Health Service - Negative']}, {'start': 75, 'end': 263, 'aspects': ['Counseling Service'], 'sentiments': ['Negative'], 'raw_labels': ['Counseling Service - Negative', 'Counseling Service - Negative']}]"
420,"none, they say they offer them but have no space and dont answer","[{'start': 0, 'end': 64, 'aspects': ['Service Availability'], 'sentiments': ['Negative'], 'raw_labels': ['Service Availability - Negative', 'Service Availability - Negative', 'On-campus Service - Negative']}]"
421,counseling. i have appreciated using therapy on campus and i know many others feel the same way.,"[{'start': 0, 'end': 11, 'aspects': ['Counseling Service'], 'sentiments': ['Positive'], 'raw_labels': ['Counseling Service - Positive', 'Counseling Service - Positive', 'Counseling Service - Positive']}, {'start': 12, 'end': 96, 'aspects': ['Therapy Service'], 'sentiments': ['Positive'], 'raw_labels': ['Therapy Service - Positive', 'Therapy Service - Positive', 'Therapy Service - Positive']}]"
422,i think the free mental health counselor is a really good thing for campus ,"[{'start': 0, 'end': 75, 'aspects': ['Mental Health Service'], 'sentiments': ['Positive'], 'raw_labels': ['Counseling Service - Positive', 'Mental Health Service - Positive', 'Mental Health Service - Positive']}]"
423,"we have a 24-hour crisis hotline, which is a great resource with very little wait time (that i've experienced). however, probably about half the counselors employed at the student health center seem to be qualified for their jobs. many seem to want you out of the office as quickly as possible rather than wanting to listen and help, and others are extremely oblivious to the realities of mental illness (i.e. a counselor telling me to ""just try harder"" to fall asleep when anxiety was keeping me up at night). ","[{'start': 0, 'end': 111, 'aspects': ['Hotline Service'], 'sentiments': ['Positive'], 'raw_labels': ['Hotline Service - Positive', 'Hotline Service - Positive', 'Hotline Service - Positive']}, {'start': 112, 'end': 509, 'aspects': ['Counseling Service'], 'sentiments': ['Negative'], 'raw_labels': ['Counseling Service - Negative', 'Counseling Service - Negative']}]"
424,"the university's approach to mental health has become a triage, turning permanent counseling services into temporary ones to aim to reduce suicides and severe mental health issues, at the cost of cutting long-term care to many students who relied on it. it's a backwards approach; the university needs to funnel a massive increase in funding to its on-campus counseling and restore its old system, as there are many students who feel they have nowhere to go anymore for mental health assistance. ","[{'start': 253, 'end': 496, 'aspects': ['On-campus Service'], 'sentiments': ['Negative'], 'raw_labels': ['On-campus Service - Negative', 'On-campus Service - Suggestion', 'On-campus Service - Negative']}, {'start': 0, 'end': 253, 'aspects': [], 'sentiments': [], 'raw_labels': ['Counseling Service - Negative', 'On-campus Service - Negative']}]"
425,"having six sessions for free is great- they're really triage though, and getting told straight up at your intake appointment that your issues are above their expertise level is pretty disheartening to say the least, lol. that's the game with college campus services i guess.","[{'start': 38, 'end': 273, 'aspects': ['Counseling Service'], 'sentiments': ['Negative'], 'raw_labels': ['On-campus Service - Negative', 'Counseling Service - Negative', 'Counseling Service - Negative']}, {'start': 0, 'end': 37, 'aspects': [], 'sentiments': [], 'raw_labels': ['Counseling Service - Positive', 'Service Availability - Positive']}]"
426,having people to talk to at all is good but need more people,"[{'start': 0, 'end': 60, 'aspects': ['Counseling Service'], 'sentiments': ['Positive'], 'raw_labels': ['Service Availability - Negative', 'Counseling Service - Positive', 'Counseling Service - Positive']}, {'start': 40, 'end': 60, 'aspects': ['Service Availability'], 'sentiments': ['Negative'], 'raw_labels': ['Service Availability - Suggestion', 'Service Availability - Suggestion']}]"
427,"i think the college has done a great job of diversifying the type of mental health help students can receive (ie. group counseling, affinity group focused counseling, etc.). i also think that there could be more attention given to increasing the number of counselors available to students.","[{'start': 0, 'end': 172, 'aspects': ['On-campus Service'], 'sentiments': ['Positive'], 'raw_labels': ['On-campus Service - Positive', 'On-campus Service - Positive', 'On-campus Service - Positive']}, {'start': 173, 'end': 289, 'aspects': ['Service Availability'], 'sentiments': ['Negative'], 'raw_labels': ['Service Availability - Suggestion', 'Service Availability - Suggestion', 'Counseling Service - Suggestion']}]"
428,"nothing really is working well. the counseling center needs more attention, as it turns people away, is generally useless, and is booked months in advance.","[{'start': 0, 'end': 31, 'aspects': ['On-campus Service'], 'sentiments': ['Negative'], 'raw_labels': ['On-campus Service - Negative', 'On-campus Service - Negative', 'On-campus Service - Negative']}, {'start': 31, 'end': 155, 'aspects': ['Counseling Service'], 'sentiments': ['Negative'], 'raw_labels': ['Counseling Service - Negative', 'Counseling Service - Negative', 'Service Availability - Limitation']}]"
429,"i like the therapy dogs at the wellness center, and the staff that they have there are nice. i think it just needs to be expanded to accommodate more students. ","[{'start': 0, 'end': 92, 'aspects': [], 'sentiments': [], 'raw_labels': ['Therapy Service - Positive', 'Wellness Service - Positive']}, {'start': 92, 'end': 160, 'aspects': ['Service Availability'], 'sentiments': ['Negative'], 'raw_labels': ['Service Availability - Suggestion', 'Service Availability - Suggestion', 'Service Availability - Suggestion']}]"
430,"i think k college is good at promoting the counseling services, but i do think they need to hire more diverse counselors and have a more accessible way to fill out the forms so students don't have another barrier that stops them from accessing counseling. ","[{'start': 64, 'end': 256, 'aspects': ['Counseling Service'], 'sentiments': ['Negative'], 'raw_labels': ['Counseling Service - Negative', 'Service Availability - Suggestion', 'Counseling Service - Suggestion']}, {'start': 0, 'end': 63, 'aspects': [], 'sentiments': [], 'raw_labels': ['Mental Health Service - Positive', 'On-campus Service - Positive']}]"
431,"i think that there are a large variety of mental health treatment options to help students who are experiencing a wide variety of situations. however, i think it is not as accessible as it could be (price wise).","[{'start': 0, 'end': 141, 'aspects': ['On-campus Service'], 'sentiments': ['Positive'], 'raw_labels': ['Mental Health Service - Positive', 'On-campus Service - Positive', 'On-campus Service - Positive']}, {'start': 142, 'end': 211, 'aspects': ['Service Availability'], 'sentiments': ['Negative'], 'raw_labels': ['Service Availability - Negative', 'Service Availability - Limitation', 'On-campus Service - Suggestion']}]"
432,we have a counselor and my coach has bi weekly meetings for mental health. im not sure what else other than a nurse on campus who could like prescribe medication would help.,"[{'start': 75, 'end': 173, 'aspects': ['On-campus Service'], 'sentiments': ['Negative'], 'raw_labels': ['On-campus Service - Negative', 'On-campus Service - Suggestion']}]"
433,i do not really use any mental health services. it might be because there aren’t that many offers; so overall more offers for mental health services would be beneficial ,"[{'start': 48, 'end': 169, 'aspects': ['Service Availability'], 'sentiments': ['Negative'], 'raw_label': 'Service Availability - Negative'}]"
434,"i don't really feel like too much is going well?? i have an off-campus therapist who i've been seeing since before i started college, but prior to the pandemic found myself looking for a closer therapist; wellesley's services weren't helpful, and often bureaucratic. my psychiatrist who i saw all through high school passed during my sophomore year of college (fall 2020), leaving me without prescription access. wellesley provided me a list of referrals, but i ended up having to contact my pcp to get a prescription to tide me over so that i would not be withdrawing from my medication. overall..... i really think wellesley needs to streamline the process of getting access to regular mental healthcare","[{'start': 205, 'end': 412, 'aspects': ['On-campus Service'], 'sentiments': ['Negative'], 'raw_label': 'On-campus Service - Negative'}]"
435,i appreciate the counseling services and how they are very helpful. i think having a psychiatrist on campus would help even more. ,"[{'start': 0, 'end': 67, 'aspects': ['Counseling Service'], 'sentiments': ['Positive'], 'raw_labels': ['Counseling Service - Positive', 'Counseling Service - Positive', 'Counseling Service - Positive']}, {'start': 68, 'end': 130, 'aspects': ['Therapy Service'], 'sentiments': ['Negative'], 'raw_labels': ['On-campus Service - Suggestion', 'Therapy Service - Suggestion', 'Therapy Service - Suggestion']}]"
436,"i do not currently use the mental health resources offered, but i have contemplated it several times. ","[{'start': 0, 'end': 102, 'aspects': ['General'], 'sentiments': ['Neutral'], 'raw_labels': ['General - Neutral', 'General - Neutral', 'General - Neutral']}]"
437,i haven’t seen anything that works well. it’s often hard to get an appointment with mental health services and counselors are inconsistent and change often. ,"[{'start': 41, 'end': 107, 'aspects': ['Service Availability'], 'sentiments': ['Negative'], 'raw_labels': ['Service Availability - Negative', 'Service Availability - Limitation']}, {'start': 111, 'end': 157, 'aspects': ['Counseling Service'], 'sentiments': ['Negative'], 'raw_labels': ['Counseling Service - Negative', 'Counseling Service - Limitation']}, {'start': 0, 'end': 41, 'aspects': ['On-campus Service'], 'sentiments': ['Negative'], 'raw_labels': ['On-campus Service - Negative', 'On-campus Service - Negative']}]"
438,"most people don’t receive any counseling or are referred, yet still pay the constant mandatory counseling fees","[{'start': 0, 'end': 110, 'aspects': ['Counseling Service'], 'sentiments': ['Negative'], 'raw_label': 'Counseling Service - Negative'}]"
439,i don’t think any work well. i had a tough time both times i tried using the college’s resources and ended up using teledoc to get a off-label prescription for a heart drug that somewhat helps with anxiety (teladoc didn’t have a psychiatrist so i resorted to a family doctor),"[{'start': 0, 'end': 275, 'aspects': ['On-campus Service'], 'sentiments': ['Negative'], 'raw_labels': ['On-campus Service - Negative', 'Therapy Service - Negative', 'On-campus Service - Limitation']}, {'start': 0, 'end': 29, 'aspects': ['On-campus Service'], 'sentiments': ['Negative'], 'raw_labels': ['On-campus Service - Negative', 'On-campus Service - Negative']}]"
440,sometimes student groups hold events to kind of give the students a break from school work and have a little distraction,"[{'start': 0, 'end': 120, 'aspects': ['On-campus Service'], 'sentiments': ['Positive'], 'raw_label': 'On-campus Service - Positive'}]"
441,"i haven’t used any of the services, but in my freshman year i heard great things about our addiction counseling. there was a presentation where they  made sure to be very inclusive and open. their services doesn’t limit addiction to substance abuse. big gaming campus, so i know a lot of people can be helped there. 
","[{'start': 113, 'end': 315, 'aspects': ['Wellness Service'], 'sentiments': ['Positive'], 'raw_label': 'Wellness Service - Positive'}]"
442,"as far as i’m aware, we have no mental health counciling. or really help of any kind for the student body. ","[{'start': 0, 'end': 107, 'aspects': ['On-campus Service'], 'sentiments': ['Negative'], 'raw_labels': ['Counseling Service - Negative', 'On-campus Service - Negative', 'On-campus Service - Limitation']}]"
443,i believe that the directions to the office and the site should be more publicized ,"[{'start': 0, 'end': 82, 'aspects': ['Service Availability'], 'sentiments': ['Negative'], 'raw_label': 'Service Availability - Negative'}]"
444,"there are wellness activities throughout the semester and especially during high stress periods. it is difficult for me to find long term therapy on campus because i am on my personal insurance, and long term on campus resources only apply to those on barnard insurance. ","[{'start': 0, 'end': 96, 'aspects': ['Wellness Service'], 'sentiments': ['Positive'], 'raw_labels': ['Therapy Service - Positive', 'Wellness Service - Positive', 'Wellness Service - Positive']}, {'start': 97, 'end': 271, 'aspects': ['Service Availability'], 'sentiments': ['Negative'], 'raw_labels': ['Service Availability - Negative', 'Service Availability - Limitation', 'Therapy Service - Limitation']}]"
445,"ccph is understaffed and underfunded to serve the entire umass community. the programs in place are advertised to students, but the therapy itself is largely inaccessible and unprofessional. ","[{'start': 0, 'end': 190, 'aspects': ['Service Availability'], 'sentiments': ['Negative'], 'raw_label': 'Service Availability - Negative'}]"
446,counseling is honestly really helpful and now you can contact through email and zoom meetings since many of us still fear going out a lot ,"[{'start': 0, 'end': 138, 'aspects': ['Counseling Service'], 'sentiments': ['Positive'], 'raw_labels': ['Counseling Service - Positive', 'Service Availability - Positive', 'Counseling Service - Positive']}]"
447,outreach about mental health has been good. more resources would be better,"[{'start': 0, 'end': 43, 'aspects': ['Mental Health Service'], 'sentiments': ['Positive'], 'raw_labels': ['Mental Health Service - Positive', 'Mental Health Service - Positive', 'Mental Health Service - Positive']}, {'start': 44, 'end': 74, 'aspects': ['On-campus Service'], 'sentiments': ['Negative'], 'raw_labels': ['Service Availability - Suggestion', 'On-campus Service - Suggestion', 'On-campus Service - Suggestion']}]"
448,i think the college does a good job of letting people know where they can get certain services but they could work on making those services more accessible and also more approachable,"[{'start': 0, 'end': 94, 'aspects': ['On-campus Service'], 'sentiments': ['Positive'], 'raw_labels': ['On-campus Service - Positive', 'Mental Health Service - Positive', 'On-campus Service - Positive']}, {'start': 95, 'end': 182, 'aspects': ['Service Availability'], 'sentiments': ['Negative'], 'raw_labels': ['Service Availability - Negative', 'Mental Health Service - Suggestion', 'Service Availability - Suggestion']}]"
449,the school's caps program overall is ok. sessions are very limited so right when i felt i was finally making progress i hit the limit on my sessions for the semester.,"[{'start': 0, 'end': 40, 'aspects': ['On-campus Service'], 'sentiments': ['Positive'], 'raw_labels': ['On-campus Service - Positive', 'On-campus Service - Positive', 'Counseling Service - Neutral']}, {'start': 41, 'end': 166, 'aspects': ['Service Availability'], 'sentiments': ['Negative'], 'raw_labels': ['Service Availability - Negative', 'Service Availability - Limitation', 'Service Availability - Limitation']}]"
450,"i really don't know because i have never used any of their mental health services. i know asu has quite a variety of services, but i've never checked them out.","[{'start': 0, 'end': 82, 'aspects': ['General'], 'sentiments': ['Neutral'], 'raw_labels': ['General - Neutral', 'General - Neutral']}]"
451,i think it would be helpful if they advertise any mental health support options they do have more.,"[{'start': 0, 'end': 98, 'aspects': ['Service Availability'], 'sentiments': ['Negative'], 'raw_label': 'Service Availability - Negative'}]"
452,"the counselors are extremely nice and willing to talk, i just sometimes there were more qualified therapists that i could see long term.","[{'start': 0, 'end': 54, 'aspects': ['Counseling Service'], 'sentiments': ['Positive'], 'raw_labels': ['Counseling Service - Positive', 'Counseling Service - Positive', 'Counseling Service - Positive']}, {'start': 54, 'end': 136, 'aspects': ['Therapy Service'], 'sentiments': ['Negative'], 'raw_labels': ['Therapy Service - Suggestion', 'Service Availability - Suggestion', 'Therapy Service - Suggestion']}]"
453,referring everyone to group workshops is not a solution for each individual. ,"[{'start': 0, 'end': 77, 'aspects': ['General'], 'sentiments': ['Negative'], 'raw_label': 'General - Negative'}]"
454,i like the idea of caps but it seems very small compared to the need on a large campus. i have looked at it before but not sure if they had someone who could help for what i am looking for. ,"[{'start': 0, 'end': 87, 'aspects': ['Service Availability'], 'sentiments': ['Negative'], 'raw_labels': ['Service Availability - Negative', 'Service Availability - Limitation', 'Service Availability - Limitation']}, {'start': 88, 'end': 190, 'aspects': [], 'sentiments': [], 'raw_labels': ['Counseling Service - Neutral', 'Counseling Service - Limitation']}]"
455,i have not used any mental health or wellness supports from asu as i am an online student and have a personal therapist. there needs to be more support groups whether it is on sundevilsync or on facebook for everyone to share their mental struggles and we not asking about academics. ,"[{'start': 121, 'end': 284, 'aspects': ['Mental Health Service'], 'sentiments': ['Negative'], 'raw_labels': ['Mental Health Service - Suggestion', 'Mental Health Service - Suggestion', 'On-campus Service - Suggestion']}, {'start': 0, 'end': 121, 'aspects': ['General'], 'sentiments': ['Neutral'], 'raw_labels': ['General - Neutral', 'General - Neutral']}]"
456,"different diagnosis, and help for them. some tips for struggling student who have weight on their shoulders from familu","[{'start': 0, 'end': 119, 'aspects': ['General'], 'sentiments': ['Neutral'], 'raw_labels': ['General - Neutral', 'General - Suggestion', 'General - Neutral']}]"
457,i would use counseling services if they were in person not on zoom,"[{'start': 0, 'end': 66, 'aspects': ['Counseling Service'], 'sentiments': ['Negative'], 'raw_labels': ['Counseling Service - Negative', 'Counseling Service - Suggestion', 'Counseling Service - Suggestion']}]"
458,i'm not really sure. i think it could improve on mental health more.,"[{'start': 0, 'end': 68, 'aspects': ['Mental Health Service'], 'sentiments': ['Negative'], 'raw_labels': ['Mental Health Service - Suggestion', 'Mental Health Service - Suggestion', 'Mental Health Service - Suggestion']}]"
459,"i talked to the counselor on staff.  we were able to talk about the challenges as mental health professionals, but itnwas hard to connect to them on a student level.","[{'start': 110, 'end': 165, 'aspects': ['Counseling Service'], 'sentiments': ['Negative'], 'raw_labels': ['Service Availability - Negative', 'Counseling Service - Limitation', 'Counseling Service - Negative']}, {'start': 0, 'end': 109, 'aspects': ['Counseling Service'], 'sentiments': ['Positive'], 'raw_labels': ['Counseling Service - Positive', 'Counseling Service - Positive']}]"
460,they have a 24-hour hotline and a counseling center. i don't know.,"[{'start': 0, 'end': 28, 'aspects': ['Hotline Service'], 'sentiments': ['Positive'], 'raw_labels': ['Hotline Service - Positive', 'Hotline Service - Positive']}, {'start': 28, 'end': 51, 'aspects': ['Counseling Service'], 'sentiments': ['Positive'], 'raw_labels': ['Counseling Service - Positive', 'Counseling Service - Positive']}, {'start': 52, 'end': 66, 'aspects': ['General'], 'sentiments': ['Neutral'], 'raw_labels': ['General - Neutral', 'General - Neutral']}]"
461,"the services are intimidating to even learn about online, and expensive. it's futile to have mental health services if they aren't free; financial struggles are some of the biggest stressors leading to mental health crises.....","[{'start': 0, 'end': 72, 'aspects': ['On-campus Service'], 'sentiments': ['Negative'], 'raw_labels': ['On-campus Service - Negative', 'Mental Health Service - Negative', 'On-campus Service - Limitation']}]"
462,i am not sure as i have not used my university for help with mental health.,"[{'start': 0, 'end': 75, 'aspects': ['General'], 'sentiments': ['Neutral'], 'raw_labels': ['On-campus Service - Neutral', 'General - Neutral', 'General - Neutral']}]"
463,more action to supporting mental health as opposed to verbally promoting it,"[{'start': 0, 'end': 75, 'aspects': ['General'], 'sentiments': ['Negative'], 'raw_labels': ['General - Suggestion', 'Mental Health Service - Suggestion', 'General - Suggestion']}]"
464,"the psychiatric nurse practitioner is relatively accessible, which is good considering so many students have no access to healthcare outside of campus. everything besides that needs more attention. there is no easy-to-find/access on-campus support for students who need to find a real therapist, which leads to these students receiving no mental healthcare because they have had such poor experiences with counseling services. earlham needs someone who is dedicated to connecting students with in-network licensed therapists who they can continue to see during breaks and after graduation, ensuring continuity of care. ","[{'start': 0, 'end': 151, 'aspects': ['Therapy Service'], 'sentiments': ['Positive'], 'raw_labels': ['Mental Health Service - Positive', 'Therapy Service - Positive', 'Therapy Service - Positive']}, {'start': 198, 'end': 427, 'aspects': ['Counseling Service'], 'sentiments': ['Negative'], 'raw_labels': ['Counseling Service - Negative', 'Counseling Service - Negative']}, {'start': 426, 'end': 619, 'aspects': ['Therapy Service'], 'sentiments': ['Negative'], 'raw_labels': ['Therapy Service - Suggestion', 'Therapy Service - Suggestion', 'Counseling Service - Suggestion']}]"
465,"tuttleman counseling is nice when you have access to a counselor, but not many people seem to have the privilege of that, since many are referred out. i think there should be more done related to trauma and news, such as racially-charged incidents ","[{'start': 0, 'end': 65, 'aspects': ['Counseling Service'], 'sentiments': ['Positive'], 'raw_labels': ['Counseling Service - Positive', 'Counseling Service - Positive', 'Counseling Service - Positive']}, {'start': 66, 'end': 150, 'aspects': ['Service Availability'], 'sentiments': ['Negative'], 'raw_labels': ['Service Availability - Negative', 'Service Availability - Limitation', 'Counseling Service - Limitation']}, {'start': 151, 'end': 248, 'aspects': [], 'sentiments': [], 'raw_labels': ['Mental Health Service - Suggestion', 'On-campus Service - Suggestion']}]"
466,i understand counseling is a profession but we pay so much in tuition and counseling on campus still costs money. many don’t seek help because they cannot afford it due to the insane tuition prices they’re already paying. ,"[{'start': 0, 'end': 220, 'aspects': ['On-campus Service'], 'sentiments': ['Negative'], 'raw_labels': ['On-campus Service - Limitation', 'On-campus Service - Limitation']}]"
467,the counseling staff and system is overwhelmed and it’s hard to actually get help from it,"[{'start': 0, 'end': 89, 'aspects': ['Counseling Service'], 'sentiments': ['Negative'], 'raw_label': 'Counseling Service - Negative'}]"
468,i feel that the mental health services could be better expanded on campus ,"[{'start': 0, 'end': 74, 'aspects': ['Service Availability'], 'sentiments': ['Negative'], 'raw_labels': ['Counseling Service - Negative', 'Service Availability - Suggestion', 'Service Availability - Suggestion']}]"
469,everything needs more attention. i have a ton of friends with the same negative opinion and worse experiences with the nyu wellness center.,"[{'start': 33, 'end': 139, 'aspects': ['Wellness Service'], 'sentiments': ['Negative'], 'raw_labels': ['On-campus Service - Negative', 'Wellness Service - Negative', 'Wellness Service - Negative']}, {'start': 0, 'end': 33, 'aspects': ['On-campus Service'], 'sentiments': ['Negative'], 'raw_labels': ['On-campus Service - Negative', 'On-campus Service - Suggestion']}]"
470,counseling center is actually pretty decent this year. more options would be nice. ,"[{'start': 0, 'end': 54, 'aspects': ['Counseling Service'], 'sentiments': ['Positive'], 'raw_labels': ['Counseling Service - Positive', 'Counseling Service - Positive', 'Counseling Service - Positive']}, {'start': 55, 'end': 83, 'aspects': [], 'sentiments': [], 'raw_labels': ['Service Availability - Suggestion', 'Mental Health Service - Suggestion', 'On-campus Service - Suggestion']}]"
471,i'm not sure. i haven't used any resources yet but i am currently looking into them ,"[{'start': 0, 'end': 83, 'aspects': ['General'], 'sentiments': ['Neutral'], 'raw_labels': ['General - Neutral', 'General - Neutral', 'General - Neutral']}]"
472,"i haven’t been provided with very many services or supports, but it would be nice to have a mediator system to be able to mediate mental health discussions with resistant professors to be heard better","[{'start': 61, 'end': 200, 'aspects': ['On-campus Service'], 'sentiments': ['Negative'], 'raw_labels': ['On-campus Service - Suggestion', 'On-campus Service - Suggestion', 'Mental Health Service - Suggestion']}, {'start': 0, 'end': 60, 'aspects': [], 'sentiments': [], 'raw_labels': ['Mental Health Service - Positive', 'On-campus Service - Negative']}]"
473,due to my limited experience i am unable to give accurate info regarding this issue,"[{'start': 0, 'end': 83, 'aspects': ['General'], 'sentiments': ['Neutral'], 'raw_labels': ['General - Neutral', 'General - Neutral', 'General - Neutral']}]"
474,"im a rather new student so i can't say anything for certain. i can tell you that after being on campus for a semester, i know next to nothing about the mental health program here. i don't really need it (i seek counseling out of school) but it would be nice to know about for those that do. ","[{'start': 0, 'end': 291, 'aspects': ['General'], 'sentiments': ['Neutral'], 'raw_labels': ['General - Neutral', 'Mental Health Service - Suggestion', 'General - Neutral']}]"
475,the petting zoos and puppies are highly therapeutic. wish there were more of these opportunities ,"[{'start': 0, 'end': 52, 'aspects': ['Wellness Service'], 'sentiments': ['Positive'], 'raw_labels': ['Wellness Service - Positive', 'Wellness Service - Positive', 'Wellness Service - Positive']}, {'start': 53, 'end': 97, 'aspects': ['Wellness Service'], 'sentiments': ['Negative'], 'raw_labels': ['Wellness Service - Suggestion', 'Wellness Service - Suggestion']}]"
476,i’ve never used any of the services but most students find the services provided by the university as extremely unhelpful. ,"[{'start': 36, 'end': 123, 'aspects': ['On-campus Service'], 'sentiments': ['Negative'], 'raw_labels': ['General - Negative', 'On-campus Service - Negative', 'On-campus Service - Negative']}, {'start': 0, 'end': 35, 'aspects': ['General'], 'sentiments': ['Neutral'], 'raw_labels': ['General - Neutral', 'General - Neutral']}]"
477,i'm not sure because i have not tried to receive mental health services or supports from my college.,"[{'start': 0, 'end': 100, 'aspects': ['General'], 'sentiments': ['Neutral'], 'raw_labels': ['General - Neutral', 'General - Neutral', 'Mental Health Service - Neutral']}]"
478,i am online so i don’t really go in person. i’ve never looked into these things because i didn’t know they were there. it probably has been sent to me as information in an email but i never saw it. definitely will be looking into it. ,"[{'start': 0, 'end': 233, 'aspects': ['General'], 'sentiments': ['Neutral'], 'raw_label': 'General - Neutral'}]"
479,i feel that the in person counseling services are very accessible. i feel like there is very little awareness of the limitations of the campus counseling and what steps a student should take to get help beyond steps 1 or 2.,"[{'start': 0, 'end': 67, 'aspects': ['Service Availability'], 'sentiments': ['Positive'], 'raw_labels': ['Counseling Service - Positive', 'Service Availability - Positive', 'Service Availability - Positive']}, {'start': 67, 'end': 223, 'aspects': [], 'sentiments': [], 'raw_labels': ['Service Availability - Negative', 'Mental Health Service - Limitation', 'Counseling Service - Limitation']}]"
480,telecommunication for mental health is discrete and ran well but could reach out more to the students for those who are nervous to ask for help.,"[{'start': 0, 'end': 60, 'aspects': ['Hotline Service'], 'sentiments': ['Positive'], 'raw_labels': ['Hotline Service - Positive', 'Hotline Service - Positive', 'Hotline Service - Positive']}, {'start': 61, 'end': 144, 'aspects': [], 'sentiments': [], 'raw_labels': ['Service Availability - Suggestion', 'Mental Health Service - Suggestion', 'General - Suggestion']}]"
481,group counseling is good. availability of individual counseling is dismal at best ,"[{'start': 0, 'end': 25, 'aspects': ['Counseling Service'], 'sentiments': ['Positive'], 'raw_labels': ['Counseling Service - Positive', 'Counseling Service - Positive', 'Counseling Service - Positive']}, {'start': 26, 'end': 82, 'aspects': ['Service Availability'], 'sentiments': ['Negative'], 'raw_labels': ['Service Availability - Negative', 'Counseling Service - Negative', 'Service Availability - Negative']}]"
482,i wish there were more counseling in person appointments with a therapist. it is hard to schedule an appointment and hard to find one that aligns with your needs ,"[{'start': 0, 'end': 74, 'aspects': [], 'sentiments': [], 'raw_labels': ['Service Availability - Suggestion', 'Therapy Service - Suggestion']}, {'start': 75, 'end': 162, 'aspects': ['Service Availability'], 'sentiments': ['Negative'], 'raw_labels': ['Service Availability - Limitation', 'Service Availability - Limitation']}]"
483,"i haven’t used these services yet, but aspects of mental health that need more attention is group wellness activities.","[{'start': 34, 'end': 118, 'aspects': ['Wellness Service'], 'sentiments': ['Negative'], 'raw_labels': ['Wellness Service - Suggestion', 'Wellness Service - Suggestion', 'Wellness Service - Suggestion']}, {'start': 0, 'end': 34, 'aspects': ['General'], 'sentiments': ['Neutral'], 'raw_labels': ['General - Neutral', 'General - Neutral']}]"
484,"i haven't personally used any of the services, so i feel as though i am not qualified to answer this question. ","[{'start': 0, 'end': 111, 'aspects': ['General'], 'sentiments': ['Neutral'], 'raw_labels': ['General - Neutral', 'General - Neutral', 'General - Neutral']}]"
485,the mts counseling center is flexible with their pricing which i really appreciate. i think that there needs to be more map instructions/how to get to counseling's physical locations in the counseling posters. ,"[{'start': 0, 'end': 83, 'aspects': ['Counseling Service'], 'sentiments': ['Positive'], 'raw_labels': ['Counseling Service - Positive', 'Counseling Service - Positive', 'Counseling Service - Positive']}, {'start': 84, 'end': 210, 'aspects': [], 'sentiments': [], 'raw_labels': ['Service Availability - Negative', 'Mental Health Service - Suggestion', 'Counseling Service - Suggestion']}]"
486,"i like the counseling that is offered but wish there was a way (covered by insurance) to get my medications. it’s so hard to get a psychiatrist appointment right now, and even harder to find ones that are covered. ","[{'start': 0, 'end': 38, 'aspects': ['Counseling Service'], 'sentiments': ['Positive'], 'raw_labels': ['Counseling Service - Positive', 'Counseling Service - Positive', 'Counseling Service - Positive']}, {'start': 38, 'end': 108, 'aspects': [], 'sentiments': [], 'raw_labels': ['Therapy Service - Negative', 'On-campus Service - Limitation', 'Counseling Service - Suggestion']}, {'start': 108, 'end': 214, 'aspects': ['Service Availability'], 'sentiments': ['Negative'], 'raw_labels': ['Service Availability - Negative', 'Service Availability - Limitation', 'Service Availability - Limitation']}]"
487,"the counselors and psychiatrists work very well when you can get an appointment. however, you generally have to wait weeks or months to get a first appointment and the physical location of the services is so far away from campus.","[{'start': 0, 'end': 80, 'aspects': ['Counseling Service'], 'sentiments': ['Positive'], 'raw_labels': ['Counseling Service - Positive', 'Counseling Service - Positive', 'Counseling Service - Positive']}, {'start': 81, 'end': 229, 'aspects': ['Service Availability'], 'sentiments': ['Negative'], 'raw_labels': ['Service Availability - Negative', 'Service Availability - Suggestion', 'Service Availability - Limitation']}]"
488,"i think our staff is great, just limited in time. appointments are booked out months in advance. ","[{'start': 0, 'end': 26, 'aspects': ['On-campus Service'], 'sentiments': ['Positive'], 'raw_labels': ['On-campus Service - Positive', 'On-campus Service - Positive', 'Counseling Service - Positive']}, {'start': 28, 'end': 97, 'aspects': ['Service Availability'], 'sentiments': ['Negative'], 'raw_labels': ['Service Availability - Negative', 'Service Availability - Limitation', 'Service Availability - Limitation']}]"
489,info on how to access mental health support on campus should be more readily available and widely discussed. there should also be more resources for getting diagnosis,"[{'start': 0, 'end': 108, 'aspects': ['Service Availability'], 'sentiments': ['Negative'], 'raw_label': 'Service Availability - Negative'}]"
490,"there are a lot of surface level mental health initiatives: therapy dogs, free face masks (for spa, not for covid) offered, etc. little actual counseling referrals. ","[{'start': 0, 'end': 128, 'aspects': ['Wellness Service'], 'sentiments': ['Positive'], 'raw_labels': ['Wellness Service - Positive', 'Wellness Service - Positive', 'Wellness Service - Positive']}, {'start': 129, 'end': 165, 'aspects': ['Counseling Service'], 'sentiments': ['Negative'], 'raw_labels': ['Counseling Service - Negative', 'Counseling Service - Suggestion', 'Counseling Service - Limitation']}]"
491,"i think that it is really good that a lot of professors encourage and advertise mental health services available on campus. that being said, i only hear this at the beginning of the course and no other times afterwards. furthermore, the resources for health services are only open on weekdays and it is so tedious to find where and how to schedule a time slot. and on top of that, i felt that the time when i went to visit the mental health center at the school, i felt that it lacked life and that i was talking to a robot.","[{'start': 0, 'end': 123, 'aspects': [], 'sentiments': [], 'raw_labels': ['On-campus Service - Positive', 'Mental Health Service - Positive', 'General - Positive']}, {'start': 141, 'end': 360, 'aspects': ['Service Availability'], 'sentiments': ['Negative'], 'raw_labels': ['Service Availability - Negative', 'Service Availability - Limitation', 'Wellness Service - Limitation']}, {'start': 361, 'end': 524, 'aspects': ['Mental Health Service'], 'sentiments': ['Negative'], 'raw_labels': ['Mental Health Service - Negative', 'Counseling Service - Limitation', 'Mental Health Service - Limitation']}, {'start': 124, 'end': 219, 'aspects': [], 'sentiments': [], 'raw_labels': ['Mental Health Service - Neutral', 'General - Limitation']}]"
492,"the campus needs better psychiatrists, the one i got wanted to increase my dose of medication every time, even if it hadn't worked in the past. ","[{'start': 0, 'end': 144, 'aspects': ['Therapy Service'], 'sentiments': ['Negative'], 'raw_labels': ['Mental Health Service - Negative', 'Therapy Service - Negative', 'Therapy Service - Negative']}, {'start': 0, 'end': 38, 'aspects': [], 'sentiments': [], 'raw_labels': ['Therapy Service - Positive', 'Therapy Service - Suggestion']}]"
493,i feel that every aspect of that utep  has on mental health is going well. it would be nice to see more advertisements of our mental health resources on and off campus that are offered. ,"[{'start': 0, 'end': 74, 'aspects': [], 'sentiments': [], 'raw_labels': ['Mental Health Service - Positive', 'On-campus Service - Positive', 'General - Negative']}, {'start': 73, 'end': 185, 'aspects': ['Mental Health Service'], 'sentiments': ['Negative'], 'raw_labels': ['On-campus Service - Suggestion', 'Mental Health Service - Suggestion', 'Mental Health Service - Suggestion']}]"
494,"i personally liked meeting with a counselor 1 on 1, i guess just expanding that overall would make things even better","[{'start': 0, 'end': 50, 'aspects': ['Counseling Service'], 'sentiments': ['Positive'], 'raw_labels': ['Counseling Service - Positive', 'Counseling Service - Positive', 'Counseling Service - Positive']}, {'start': 51, 'end': 117, 'aspects': ['Service Availability'], 'sentiments': ['Negative'], 'raw_labels': ['Service Availability - Suggestion', 'Counseling Service - Suggestion', 'Service Availability - Suggestion']}]"
495,i started attending teletherapy through smu during fall 2021. it helped a little at first but i have not been since the beginning of the spring semester.,"[{'start': 0, 'end': 153, 'aspects': ['Therapy Service'], 'sentiments': ['Positive'], 'raw_label': 'Therapy Service - Positive'}]"
496,i think it could have more staff to tell everyone about what is mental health and when do you need it,"[{'start': 0, 'end': 101, 'aspects': ['Service Availability'], 'sentiments': ['Negative'], 'raw_labels': ['Service Availability - Suggestion', 'Service Availability - Limitation', 'Mental Health Service - Suggestion']}]"
497,"i have not used any of them, but i heard that my classmates really appreciate the services that the college offers. although i do feel that they should advertise these services more. ","[{'start': 29, 'end': 115, 'aspects': ['On-campus Service'], 'sentiments': ['Positive'], 'raw_labels': ['On-campus Service - Positive', 'On-campus Service - Positive', 'On-campus Service - Positive']}, {'start': 116, 'end': 182, 'aspects': [], 'sentiments': [], 'raw_labels': ['Service Availability - Negative', 'Mental Health Service - Suggestion', 'On-campus Service - Suggestion']}, {'start': 0, 'end': 28, 'aspects': ['General'], 'sentiments': ['Neutral'], 'raw_labels': ['General - Neutral', 'General - Neutral']}]"
498,"the aspects of the mental health and wellness that need more attention are more professional counselors that can attend to the students who would like to make an appointment to discuss their mental health. right now there are only 2-3 counselors available that attend to the 3,000 students on campus which sounds stressful enough as it is and having more counselors at the school, regardless of what race or gender a counselor is, will be beneficial to the students. ","[{'start': 0, 'end': 205, 'aspects': ['Service Availability'], 'sentiments': ['Negative'], 'raw_labels': ['Service Availability - Negative', 'Service Availability - Suggestion', 'Mental Health Service - Suggestion']}, {'start': 206, 'end': 467, 'aspects': ['Service Availability'], 'sentiments': ['Negative'], 'raw_labels': ['Service Availability - Suggestion', 'Service Availability - Limitation']}]"
499,i think the loads of options are working well. i heard from peers though that the advice given from caps haven't been particularly helpful though.,"[{'start': 0, 'end': 46, 'aspects': ['On-campus Service'], 'sentiments': ['Positive'], 'raw_labels': ['General - Neutral', 'On-campus Service - Positive', 'On-campus Service - Positive']}, {'start': 47, 'end': 146, 'aspects': [], 'sentiments': [], 'raw_labels': ['On-campus Service - Negative', 'Counseling Service - Limitation', 'Counseling Service - Positive']}]"
500,"i guess they offer help, but i've heard the health center is rather costly","[{'start': 0, 'end': 74, 'aspects': [], 'sentiments': [], 'raw_labels': ['On-campus Service - Negative', 'Service Availability - Limitation', 'General - Limitation']}, {'start': 0, 'end': 23, 'aspects': ['On-campus Service'], 'sentiments': ['Positive'], 'raw_labels': ['On-campus Service - Positive', 'On-campus Service - Positive']}]"
501,"free counseling and certain support groups. 

more wellness activities / interventions need more attention.","[{'start': 0, 'end': 43, 'aspects': [], 'sentiments': [], 'raw_labels': ['Counseling Service - Positive', 'On-campus Service - Positive']}, {'start': 46, 'end': 107, 'aspects': ['Wellness Service'], 'sentiments': ['Negative'], 'raw_labels': ['Wellness Service - Negative', 'Wellness Service - Suggestion']}]"
502,"i don’t really know, but i do like the fun social events offered by the school.","[{'start': 0, 'end': 79, 'aspects': ['Wellness Service'], 'sentiments': ['Positive'], 'raw_label': 'Wellness Service - Positive'}]"
503,i heard that other students are not having good experiences with caps,"[{'start': 0, 'end': 69, 'aspects': ['Counseling Service'], 'sentiments': ['Negative'], 'raw_labels': ['On-campus Service - Negative', 'Counseling Service - Negative', 'Counseling Service - Negative']}]"
504,"none, they suck at advertising wellness services aviabliety. and it difficult to get appointments ","[{'start': 5, 'end': 97, 'aspects': [], 'sentiments': [], 'raw_labels': ['Service Availability - Negative', 'Mental Health Service - Limitation', 'Wellness Service - Negative']}, {'start': 60, 'end': 98, 'aspects': ['Service Availability'], 'sentiments': ['Negative'], 'raw_labels': ['Service Availability - Limitation', 'Service Availability - Limitation']}]"
505,"current counseling services are lacking. would much prefer off campus counseling, also gives students a chance to get off campus, which in of itself feels like a suffocating prison surrounded by crime if you leave to the east ","[{'start': 0, 'end': 40, 'aspects': ['Counseling Service'], 'sentiments': ['Negative'], 'raw_labels': ['Counseling Service - Negative', 'Counseling Service - Negative', 'Counseling Service - Negative']}]"
506,"the limited resources work well, more expanded resources needed as campus expands","[{'start': 0, 'end': 32, 'aspects': ['On-campus Service'], 'sentiments': ['Positive'], 'raw_labels': ['On-campus Service - Positive', 'On-campus Service - Positive', 'On-campus Service - Positive']}, {'start': 33, 'end': 81, 'aspects': ['Service Availability'], 'sentiments': ['Negative'], 'raw_labels': ['Service Availability - Negative', 'Service Availability - Suggestion', 'On-campus Service - Suggestion']}]"
507,"they are direly understaffed in terms of therapists, many of my friends struggle to make even a first appointment. ","[{'start': 0, 'end': 115, 'aspects': ['Service Availability'], 'sentiments': ['Negative'], 'raw_labels': ['Service Availability - Negative', 'Service Availability - Limitation']}]"
508,they have a lot but i don't know much about them in general since i don't use them.,"[{'start': 0, 'end': 83, 'aspects': ['General'], 'sentiments': ['Neutral'], 'raw_label': 'General - Neutral'}]"
509,i don’t know due to the reason i have not had any personal experience with it,"[{'start': 0, 'end': 77, 'aspects': ['General'], 'sentiments': ['Neutral'], 'raw_labels': ['General - Neutral', 'General - Neutral', 'General - Neutral']}]"
510,"we need more counselors, but all of them are great. group counseling is very good and relevant and the mind body labs are very helpful and accessible. ","[{'start': 0, 'end': 24, 'aspects': ['Service Availability'], 'sentiments': ['Negative'], 'raw_labels': ['Service Availability - Negative', 'Service Availability - Suggestion', 'Counseling Service - Suggestion']}, {'start': 25, 'end': 151, 'aspects': ['Counseling Service'], 'sentiments': ['Positive'], 'raw_labels': ['Counseling Service - Positive', 'Wellness Service - Positive', 'Counseling Service - Positive']}, {'start': 25, 'end': 51, 'aspects': ['Counseling Service'], 'sentiments': ['Positive'], 'raw_labels': ['Counseling Service - Positive', 'Counseling Service - Positive']}]"
511,i am able to see a psychologist on campus. i think there needs to be more access for non student athletes,"[{'start': 0, 'end': 42, 'aspects': [], 'sentiments': [], 'raw_labels': ['On-campus Service - Positive', 'Therapy Service - Positive', 'Counseling Service - Positive']}, {'start': 43, 'end': 105, 'aspects': ['Service Availability'], 'sentiments': ['Negative'], 'raw_labels': ['Service Availability - Negative', 'Service Availability - Suggestion', 'Counseling Service - Suggestion']}]"
512,"unfortunately, i am not taking advantage of any support provided my college. i am completely unaware of what is available, and i wish i knew more about what was available.","[{'start': 0, 'end': 171, 'aspects': ['General'], 'sentiments': ['Neutral'], 'raw_label': 'General - Neutral'}]"
513,"i don't think any of it is working ""well."" iu needs more counselors and psychiatrists and better counselors and psychiatrists. if you are only going to offer help for those struggling on average low mental health rather than those struggling with real mental illnesses, say that. they need to have people on staff that can diagnose and actually help those with personality disorders, schizophrenia,  etc.","[{'start': 0, 'end': 126, 'aspects': ['Service Availability'], 'sentiments': ['Negative'], 'raw_labels': ['Service Availability - Negative', 'Service Availability - Suggestion', 'Counseling Service - Suggestion']}, {'start': 280, 'end': 404, 'aspects': ['Mental Health Service'], 'sentiments': ['Negative'], 'raw_labels': ['Mental Health Service - Negative', 'Service Availability - Suggestion', 'Mental Health Service - Suggestion']}, {'start': 126, 'end': 280, 'aspects': [], 'sentiments': [], 'raw_labels': ['General - Negative', 'On-campus Service - Negative']}]"
514,the service that is working well is  the counseling that is provided in campus,"[{'start': 0, 'end': 78, 'aspects': ['Counseling Service'], 'sentiments': ['Positive'], 'raw_labels': ['Counseling Service - Positive', 'Counseling Service - Positive', 'Counseling Service - Positive']}]"
515,the counseling service is free so that is nice and always a resource.,"[{'start': 0, 'end': 69, 'aspects': ['Counseling Service'], 'sentiments': ['Positive'], 'raw_labels': ['Counseling Service - Positive', 'Counseling Service - Positive', 'Counseling Service - Positive']}]"
516,the access to mental health resources but the awareness to these need more attention ,"[{'start': 0, 'end': 37, 'aspects': ['Mental Health Service'], 'sentiments': ['Positive'], 'raw_labels': ['Mental Health Service - Positive', 'On-campus Service - Positive', 'Mental Health Service - Positive']}, {'start': 38, 'end': 85, 'aspects': [], 'sentiments': [], 'raw_labels': ['Service Availability - Negative', 'Mental Health Service - Suggestion', 'On-campus Service - Suggestion']}]"
517,i really enjoy the wednesday wellnesses where they hang out fruit to keep us healthy,"[{'start': 0, 'end': 84, 'aspects': ['Wellness Service'], 'sentiments': ['Positive'], 'raw_labels': ['Wellness Service - Positive', 'Wellness Service - Positive', 'Wellness Service - Positive']}]"
518,there is caps but there is only one free session and there is not a lot of compatibility with insurance providers making it very hard to get help. ,"[{'start': 0, 'end': 147, 'aspects': ['Service Availability'], 'sentiments': ['Negative'], 'raw_labels': ['Service Availability - Negative', 'On-campus Service - Limitation', 'Service Availability - Negative']}]"
519,the habif mental health staff need more attention. there is such little staff that appointments are rare. uncle joes is a good resource but students shouldn’t have to rely on peers due to inaccessibility to professional mental health services on campus.,"[{'start': 51, 'end': 105, 'aspects': ['Service Availability'], 'sentiments': ['Negative'], 'raw_labels': ['Service Availability - Negative', 'Service Availability - Limitation']}, {'start': 106, 'end': 253, 'aspects': ['On-campus Service'], 'sentiments': ['Negative'], 'raw_labels': ['On-campus Service - Negative', 'On-campus Service - Negative']}]"
520,i think during freshman orientation you should connect the students with the  counselors and show them how they can sign up for meetings and stuff  ,"[{'start': 0, 'end': 148, 'aspects': ['Service Availability'], 'sentiments': ['Negative'], 'raw_label': 'Service Availability - Negative'}]"
521,a hotline would be good. when i've been struggling with my mental health before i just wanted to call someone.,"[{'start': 0, 'end': 24, 'aspects': ['Hotline Service'], 'sentiments': ['Negative'], 'raw_labels': ['Hotline Service - Suggestion', 'Hotline Service - Suggestion']}, {'start': 0, 'end': 110, 'aspects': ['Hotline Service'], 'sentiments': ['Negative'], 'raw_labels': ['Hotline Service - Suggestion', 'Hotline Service - Suggestion']}]"
522,"the counseling office is small and can't accommodate the number of students who are seeking mental health counseling. it makes it extremely difficult to get an appointment. as a student studying abroad right now, i do not feel like i have any support or connection to the mental health services at wsu.","[{'start': 0, 'end': 172, 'aspects': ['Service Availability'], 'sentiments': ['Negative'], 'raw_labels': ['Service Availability - Negative', 'Service Availability - Limitation', 'Counseling Service - Limitation']}, {'start': 173, 'end': 302, 'aspects': [], 'sentiments': [], 'raw_labels': ['Counseling Service - Negative', 'On-campus Service - Negative', 'General - Limitation']}, {'start': 117, 'end': 172, 'aspects': ['Service Availability'], 'sentiments': ['Negative'], 'raw_labels': ['Service Availability - Limitation', 'Service Availability - Limitation']}]"
523,"there are issues with certain individuals who run the counseling program and how they interact with their patients. at times, it feels inappropriate.","[{'start': 0, 'end': 149, 'aspects': ['Counseling Service'], 'sentiments': ['Negative'], 'raw_labels': ['Counseling Service - Negative', 'Counseling Service - Negative', 'Counseling Service - Limitation']}]"
524,"byu has a nice counseling center; however, the staff is lacking, so waiting lists have always been long. i used the services before the pandemic and waiting lists would still require at least a month of waiting. i wish they could have sent me to another therapist outside of the school. byu's biofeedback resources are helpful, but most students don't understand their accessibility.","[{'start': 0, 'end': 33, 'aspects': ['Counseling Service'], 'sentiments': ['Positive'], 'raw_labels': ['Counseling Service - Positive', 'Counseling Service - Positive', 'Counseling Service - Positive']}, {'start': 34, 'end': 286, 'aspects': ['Service Availability'], 'sentiments': ['Negative'], 'raw_labels': ['Service Availability - Negative', 'Service Availability - Limitation']}]"
525,"honestly there isn’t much. they talk a big game, but there’s no support in reality. ","[{'start': 0, 'end': 84, 'aspects': ['On-campus Service'], 'sentiments': ['Negative'], 'raw_labels': ['Service Availability - Negative', 'On-campus Service - Negative', 'On-campus Service - Negative']}]"
526,i have never felt comfortable enough to use these services although i do know they exist,"[{'start': 0, 'end': 88, 'aspects': ['On-campus Service'], 'sentiments': ['Negative'], 'raw_labels': ['On-campus Service - Negative', 'Mental Health Service - Limitation', 'On-campus Service - Negative']}]"
527,"the resources are top notch when you are able to access them, although unfortunately it is so difficult to even try to get an appointment because they are all booked constantly!!!!!!!!!!","[{'start': 0, 'end': 186, 'aspects': ['Service Availability'], 'sentiments': ['Negative'], 'raw_labels': ['Service Availability - Negative', 'Service Availability - Negative']}, {'start': 0, 'end': 60, 'aspects': ['On-campus Service'], 'sentiments': ['Positive'], 'raw_labels': ['On-campus Service - Positive', 'On-campus Service - Positive']}]"
528,i've never been able to make an appointment despite trying. the ability to make an appointment online without calling a number would be extremely helpful. also just more appointments being available.,"[{'start': 0, 'end': 199, 'aspects': ['Service Availability'], 'sentiments': ['Negative'], 'raw_labels': ['Service Availability - Negative', 'Service Availability - Suggestion', 'Service Availability - Suggestion']}, {'start': 0, 'end': 59, 'aspects': ['Service Availability'], 'sentiments': ['Negative'], 'raw_labels': ['Service Availability - Limitation', 'Service Availability - Negative']}]"
529,"i have no idea, but i have not heard of anyone having success with university mental health services","[{'start': 0, 'end': 100, 'aspects': ['Counseling Service'], 'sentiments': ['Negative'], 'raw_label': 'Counseling Service - Negative'}]"
530,i can think of one thing that works well. but as an online student referrals to services near me would be great.,"[{'start': 0, 'end': 41, 'aspects': ['On-campus Service'], 'sentiments': ['Positive'], 'raw_label': 'On-campus Service - Positive'}, {'start': 42, 'end': 112, 'aspects': ['Service Availability'], 'sentiments': ['Negative'], 'raw_label': 'Service Availability - Negative'}]"
531,"whenever i’ve tried making an appointment with my colleges therapists, they never really have time slots available when i’m available, so i think it might help if they had more therapists available during more times throughout the day ","[{'start': 0, 'end': 134, 'aspects': ['Service Availability'], 'sentiments': ['Negative'], 'raw_labels': ['Service Availability - Limitation', 'Service Availability - Limitation']}, {'start': 135, 'end': 235, 'aspects': ['Service Availability'], 'sentiments': ['Negative'], 'raw_labels': ['Service Availability - Suggestion', 'Service Availability - Suggestion']}]"
532,"i know my college campus provides some therapists on-campus for students, which is great. however, i have heard from others that the service is very, very limited. you can only have a certain amount of appointments, and the amount of therapists is too small. ","[{'start': 0, 'end': 89, 'aspects': ['On-campus Service'], 'sentiments': ['Positive'], 'raw_labels': ['On-campus Service - Positive', 'Therapy Service - Positive', 'On-campus Service - Positive']}, {'start': 98, 'end': 259, 'aspects': ['Service Availability'], 'sentiments': ['Negative'], 'raw_labels': ['Service Availability - Negative', 'Service Availability - Limitation']}]"
533,i feel like having more professsionals available online and in person on campus to speak to would help a lot with not just mental health but other resources as well.,"[{'start': 0, 'end': 165, 'aspects': ['Service Availability'], 'sentiments': ['Negative'], 'raw_labels': ['Service Availability - Negative', 'Service Availability - Suggestion', 'Therapy Service - Suggestion']}]"
534,the peer counselors work well. more professional help could be improved for people who need it.,"[{'start': 0, 'end': 30, 'aspects': ['Counseling Service'], 'sentiments': ['Positive'], 'raw_labels': ['Counseling Service - Positive', 'Counseling Service - Positive', 'Counseling Service - Positive']}, {'start': 31, 'end': 95, 'aspects': ['Service Availability'], 'sentiments': ['Negative'], 'raw_labels': ['Service Availability - Negative', 'Service Availability - Suggestion', 'Counseling Service - Suggestion']}]"
535,awareness. like i feel like i know the resources my school has for mental health ,"[{'start': 0, 'end': 80, 'aspects': ['Service Availability'], 'sentiments': ['Positive'], 'raw_label': 'Service Availability - Positive'}]"
536,"offering caps is a great way to provide wellness. however, the resource is the only thing offered regarding mental health, and more students than ever are suffering. there needs to be other options besides caps, which only benefits certain people, but definitely not all.","[{'start': 59, 'end': 165, 'aspects': ['Service Availability'], 'sentiments': ['Negative'], 'raw_label': 'Service Availability - Negative'}, {'start': 166, 'end': 271, 'aspects': ['Mental Health Service'], 'sentiments': ['Negative'], 'raw_label': 'Mental Health Service - Negative'}]"
537,"i think diversity of staff definitely needs more attention, especially training on racial issues on campus.","[{'start': 0, 'end': 59, 'aspects': [], 'sentiments': [], 'raw_labels': ['Service Availability - Limitation', 'Counseling Service - Suggestion']}, {'start': 60, 'end': 107, 'aspects': ['Counseling Service'], 'sentiments': ['Negative'], 'raw_labels': ['Counseling Service - Suggestion', 'Counseling Service - Suggestion']}]"
538,"mental health and wellness for bipoc folk. among this community, more support needs to be available for fgli students and international students","[{'start': 0, 'end': 42, 'aspects': ['On-campus Service'], 'sentiments': ['Positive'], 'raw_label': 'On-campus Service - Positive'}, {'start': 65, 'end': 144, 'aspects': ['Service Availability'], 'sentiments': ['Negative'], 'raw_label': 'Service Availability - Negative'}]"
539,"i know there is an oncampus therapist, they can do a better job spreading the word about what’s available ","[{'start': 0, 'end': 105, 'aspects': ['Service Availability'], 'sentiments': ['Negative'], 'raw_label': 'Service Availability - Negative'}]"
540,i think college does a great job with weekly emails and information spread throughout the campus through various announcements and posters. i think the grade and time management needs more attention.,"[{'start': 0, 'end': 139, 'aspects': ['Service Availability'], 'sentiments': ['Positive'], 'raw_label': 'Service Availability - Positive'}, {'start': 140, 'end': 199, 'aspects': ['General'], 'sentiments': ['Negative'], 'raw_label': 'General - Suggestion'}]"
541,on campus therapists are hard to make appointments with and lack training required to help students. teachers are not understanding even when students have accommodations.,"[{'start': 0, 'end': 55, 'aspects': ['Service Availability'], 'sentiments': ['Negative'], 'raw_labels': ['Service Availability - Negative', 'Service Availability - Limitation', 'Service Availability - Limitation']}, {'start': 51, 'end': 100, 'aspects': ['Therapy Service'], 'sentiments': ['Negative'], 'raw_labels': ['Therapy Service - Negative', 'Therapy Service - Negative', 'Therapy Service - Limitation']}, {'start': 101, 'end': 171, 'aspects': ['General'], 'sentiments': ['Negative'], 'raw_labels': ['General - Negative', 'General - Limitation']}]"
542,expertise - i felt like i was talking to myself and solving my problems because my therapist didn’t give a professional opinion at a time when i thought i had many things wrong with me and needed clarity. ,"[{'start': 0, 'end': 205, 'aspects': ['Therapy Service'], 'sentiments': ['Negative'], 'raw_labels': ['Counseling Service - Negative', 'Therapy Service - Limitation', 'Therapy Service - Limitation']}]"
543,syracuse does not care much for the mental health of its students who are drowning in debt thanks to the renovation of the carrier dome. ,"[{'start': 0, 'end': 136, 'aspects': ['Counseling Service'], 'sentiments': ['Negative'], 'raw_label': 'Counseling Service - Negative'}]"
544,while caps is doing a good job it is my understanding that they need additional resources to better serve the college community ,"[{'start': 0, 'end': 31, 'aspects': ['Counseling Service'], 'sentiments': ['Positive'], 'raw_labels': ['On-campus Service - Positive', 'Counseling Service - Positive', 'Counseling Service - Positive']}, {'start': 31, 'end': 128, 'aspects': ['Service Availability'], 'sentiments': ['Negative'], 'raw_labels': ['Service Availability - Negative', 'Service Availability - Limitation', 'Counseling Service - Suggestion']}]"
545,i think the activites that are held around campus. they send emails to invite students to talk about their mental health,"[{'start': 0, 'end': 120, 'aspects': ['On-campus Service'], 'sentiments': ['Positive'], 'raw_labels': ['On-campus Service - Positive', 'On-campus Service - Positive']}]"
546,"counseling and therapy need more attention, when i went it seemed like the therapist didn't care","[{'start': 0, 'end': 96, 'aspects': ['On-campus Service'], 'sentiments': ['Negative'], 'raw_label': 'On-campus Service - Negative'}]"
547,the telehealth line takes too long and seems overly complicated for someone like me (a severely anxious person). it would be nice if there were easier accessible online options for students that didn't just involve a phone call/zoom session where i have no idea what to say or do - especially as someone seeking mental health services for the first time.,"[{'start': 0, 'end': 112, 'aspects': ['Hotline Service'], 'sentiments': ['Negative'], 'raw_labels': ['Hotline Service - Negative', 'Hotline Service - Negative', 'Hotline Service - Negative']}, {'start': 112, 'end': 354, 'aspects': [], 'sentiments': [], 'raw_labels': ['Service Availability - Negative', 'Mental Health Service - Limitation', 'Hotline Service - Suggestion']}]"
548,the waitlist is far too long for anyone to reliably get into caps.,"[{'start': 0, 'end': 66, 'aspects': ['Service Availability'], 'sentiments': ['Negative'], 'raw_labels': ['Service Availability - Negative', 'Service Availability - Limitation', 'Service Availability - Limitation']}]"
549,there is a long waitlist to see a counselor but i think it’s good that the first sessions are free. ,"[{'start': 0, 'end': 44, 'aspects': ['Service Availability'], 'sentiments': ['Negative'], 'raw_labels': ['Service Availability - Negative', 'Service Availability - Limitation']}, {'start': 48, 'end': 100, 'aspects': [], 'sentiments': [], 'raw_labels': ['Counseling Service - Positive', 'On-campus Service - Positive']}]"
550,i think virtual counseling/telecounseling through zoom has been extremely helpful because more students are willing to seek help when they don’t have to meet the counselor in person due to anxiety and other reasons.,"[{'start': 0, 'end': 215, 'aspects': ['Counseling Service'], 'sentiments': ['Positive'], 'raw_labels': ['Counseling Service - Positive', 'Counseling Service - Positive', 'Counseling Service - Positive']}]"
551,focus on taking care of yourself has been emphasized. understanding what happens if you do need to get help and what comes next is lacking.,"[{'start': 0, 'end': 53, 'aspects': ['Wellness Service'], 'sentiments': ['Positive'], 'raw_labels': ['Wellness Service - Positive', 'Wellness Service - Positive', 'General - Suggestion']}, {'start': 54, 'end': 139, 'aspects': ['Mental Health Service'], 'sentiments': ['Negative'], 'raw_labels': ['Mental Health Service - Negative', 'Mental Health Service - Limitation', 'General - Neutral']}]"
552,"i think we have counselors, but otherwise, i don't know these resources.","[{'start': 0, 'end': 26, 'aspects': ['Counseling Service'], 'sentiments': ['Positive'], 'raw_label': 'Counseling Service - Positive'}, {'start': 28, 'end': 72, 'aspects': ['General'], 'sentiments': ['Neutral'], 'raw_label': 'General - Neutral'}]"
553,"not sure... i talk to family and friends about personal issues, not the school","[{'start': 0, 'end': 78, 'aspects': ['General'], 'sentiments': ['Neutral'], 'raw_labels': ['General - Neutral', 'General - Neutral', 'On-campus Service - Negative']}]"
554,i think the wellness chat that is offered commonly during the week by the cfs works well,"[{'start': 0, 'end': 88, 'aspects': ['Wellness Service'], 'sentiments': ['Positive'], 'raw_labels': ['Wellness Service - Positive', 'Wellness Service - Positive', 'Wellness Service - Positive']}]"
555,"from what i know, the only type of mental support that exists on my campus is the counseling services we can go to but that's about it. definitely need to provide a variety of options to seek mental health","[{'start': 136, 'end': 205, 'aspects': ['On-campus Service'], 'sentiments': ['Negative'], 'raw_labels': ['On-campus Service - Negative', 'On-campus Service - Suggestion', 'Mental Health Service - Suggestion']}, {'start': 0, 'end': 136, 'aspects': ['Counseling Service'], 'sentiments': ['Positive'], 'raw_labels': ['Counseling Service - Positive', 'Counseling Service - Positive']}]"
556,i wouldn’t know given that i haven’t sought out mental health help from my college.,"[{'start': 0, 'end': 83, 'aspects': ['General'], 'sentiments': ['Neutral'], 'raw_labels': ['General - Neutral', 'General - Neutral', 'General - Neutral']}]"
557,i haven't used any of the services at my school but many other students say there should be more,"[{'start': 0, 'end': 96, 'aspects': ['Service Availability'], 'sentiments': ['Negative'], 'raw_label': 'Service Availability - Negative'}]"
558,i think they are doing well about letting you know that there are resources available if you are struggling.,"[{'start': 0, 'end': 108, 'aspects': ['Service Availability'], 'sentiments': ['Positive'], 'raw_label': 'Service Availability - Positive'}]"
559,accessing the bcc is complicated. transportation should be expanded to more locations to help people access off campus therapists ,"[{'start': 0, 'end': 130, 'aspects': ['Service Availability'], 'sentiments': ['Negative'], 'raw_label': 'Service Availability - Negative'}]"
560,"the crisis line has been helpful to my friends that need it, but affordable access to on campus counseling services would help greatly ","[{'start': 0, 'end': 59, 'aspects': ['Hotline Service'], 'sentiments': ['Positive'], 'raw_labels': ['Hotline Service - Positive', 'Hotline Service - Positive', 'Hotline Service - Positive']}, {'start': 61, 'end': 135, 'aspects': [], 'sentiments': [], 'raw_labels': ['Service Availability - Negative', 'On-campus Service - Suggestion', 'Counseling Service - Suggestion']}]"
561,none work in my opinion. caps was unable to find me a therapist and my only request was a female therapist. so disappointing and embarrassing or penn.,"[{'start': 0, 'end': 150, 'aspects': ['Counseling Service'], 'sentiments': ['Negative'], 'raw_labels': ['Counseling Service - Negative', 'Counseling Service - Negative', 'Therapy Service - Negative']}]"
562,the counseling center is very accessible and affordable. i wish there were more remote options for counseling.,"[{'start': 0, 'end': 56, 'aspects': ['Counseling Service'], 'sentiments': ['Positive'], 'raw_labels': ['Counseling Service - Positive', 'Counseling Service - Positive', 'Service Availability - Positive']}, {'start': 56, 'end': 110, 'aspects': ['Service Availability'], 'sentiments': ['Negative'], 'raw_labels': ['Service Availability - Suggestion', 'Service Availability - Suggestion', 'Counseling Service - Suggestion']}]"
563,"it would be pretty cool if we had diagnostics from professionals- like having the ability to have someone check your mental health. not a lot of families allow their children to get a mental diagnosis, and that leads students concerned- not knowing if they are just going insane or actually have a mental disorder.","[{'start': 0, 'end': 131, 'aspects': ['Mental Health Service'], 'sentiments': ['Negative'], 'raw_labels': ['Mental Health Service - Negative', 'On-campus Service - Suggestion', 'Mental Health Service - Suggestion']}, {'start': 132, 'end': 314, 'aspects': [], 'sentiments': [], 'raw_labels': ['General - Neutral', 'Mental Health Service - Limitation']}]"
564,mental health or wellness services and supports provided by my college that are working well are their free on-campus counseling and using tele-health services when needed. aspects of mental health and wellness that need more attention are the diversity of the counseling staff and the inability to prescribe medications as a part of the college.,"[{'start': 0, 'end': 170, 'aspects': ['Counseling Service'], 'sentiments': ['Positive'], 'raw_labels': ['Counseling Service - Positive', 'Counseling Service - Positive', 'On-campus Service - Positive']}, {'start': 129, 'end': 173, 'aspects': ['Hotline Service'], 'sentiments': ['Positive'], 'raw_labels': ['Hotline Service - Positive', 'Hotline Service - Positive']}, {'start': 173, 'end': 278, 'aspects': ['Counseling Service'], 'sentiments': ['Negative'], 'raw_labels': ['Counseling Service - Negative', 'Service Availability - Limitation', 'Counseling Service - Suggestion']}, {'start': 282, 'end': 346, 'aspects': ['Therapy Service'], 'sentiments': ['Negative'], 'raw_labels': ['Therapy Service - Negative', 'Therapy Service - Limitation', 'Therapy Service - Limitation']}]"
565,"caps system seems to be working, i wish that they were more clear on their physical location operating hours","[{'start': 0, 'end': 32, 'aspects': ['Counseling Service'], 'sentiments': ['Positive'], 'raw_labels': ['On-campus Service - Positive', 'Counseling Service - Positive', 'Counseling Service - Positive']}, {'start': 32, 'end': 108, 'aspects': ['Counseling Service'], 'sentiments': ['Negative'], 'raw_labels': ['Service Availability - Negative', 'Counseling Service - Suggestion', 'Counseling Service - Suggestion']}]"
566,i personally struggle with anxiety so i wish there was more coverage or programs available for that,"[{'start': 0, 'end': 99, 'aspects': ['Mental Health Service'], 'sentiments': ['Negative'], 'raw_labels': ['Mental Health Service - Negative', 'Mental Health Service - Suggestion', 'Mental Health Service - Suggestion']}]"
567,counseling works well but communication on how to access it could be better,"[{'start': 0, 'end': 22, 'aspects': ['Counseling Service'], 'sentiments': ['Positive'], 'raw_labels': ['Counseling Service - Positive', 'Counseling Service - Positive', 'Counseling Service - Positive']}, {'start': 26, 'end': 75, 'aspects': [], 'sentiments': [], 'raw_labels': ['Service Availability - Negative', 'Mental Health Service - Suggestion', 'On-campus Service - Suggestion']}]"
568,group therapy options are large on campus. both student run informal and ones run by professionals,"[{'start': 0, 'end': 98, 'aspects': ['Therapy Service'], 'sentiments': ['Positive'], 'raw_labels': ['Therapy Service - Positive', 'Therapy Service - Positive']}]"
569,tele support is working well for students with anxiety or schedule conflict ,"[{'start': 0, 'end': 76, 'aspects': ['Hotline Service'], 'sentiments': ['Positive'], 'raw_labels': ['Hotline Service - Positive', 'Hotline Service - Positive', 'Hotline Service - Positive']}]"
570,i would have never known that counseling actually would help with mental issues because it is more known for academic counseling. ,"[{'start': 0, 'end': 130, 'aspects': ['Counseling Service'], 'sentiments': ['Positive'], 'raw_label': 'Counseling Service - Positive'}]"
571,"i have not used any programs, but i have noticed their availability and the schools encouragement to utilize those services. i think they have done incredibly well, but making private, over the phone resources more well known would be helpful.","[{'start': 1, 'end': 124, 'aspects': [], 'sentiments': [], 'raw_labels': ['Service Availability - Positive', 'On-campus Service - Positive']}, {'start': 124, 'end': 243, 'aspects': ['Hotline Service'], 'sentiments': ['Negative'], 'raw_labels': ['Hotline Service - Suggestion', 'Hotline Service - Suggestion', 'On-campus Service - Positive']}]"
572,"students are advocating for themselves and their peers and the university addresses the fact that they need more mental health resources. at this point, we just need them to take action and do something about it.","[{'start': 0, 'end': 137, 'aspects': [], 'sentiments': [], 'raw_labels': ['Mental Health Service - Negative', 'General - Negative', 'On-campus Service - Suggestion']}, {'start': 138, 'end': 212, 'aspects': ['On-campus Service'], 'sentiments': ['Negative'], 'raw_labels': ['On-campus Service - Suggestion', 'On-campus Service - Suggestion']}]"
573,the telehealth services appear to be working great and i am glad asu provides free therapy sessions for students.,"[{'start': 0, 'end': 50, 'aspects': ['Hotline Service'], 'sentiments': ['Positive'], 'raw_labels': ['Hotline Service - Positive', 'Hotline Service - Positive', 'Counseling Service - Positive']}, {'start': 55, 'end': 113, 'aspects': ['Therapy Service'], 'sentiments': ['Positive'], 'raw_labels': ['Therapy Service - Positive', 'Therapy Service - Positive', 'Therapy Service - Positive']}]"
574,what works well is the groups students create to talk about our struggles.,"[{'start': 0, 'end': 74, 'aspects': ['Wellness Service'], 'sentiments': ['Positive'], 'raw_labels': ['Wellness Service - Positive', 'Wellness Service - Positive', 'Counseling Service - Positive']}]"
575,i think urec has done an excellent job with incorporating more group fitness yoga classes. that seems to benefit so many people. ,"[{'start': 0, 'end': 129, 'aspects': ['Wellness Service'], 'sentiments': ['Positive'], 'raw_labels': ['Wellness Service - Positive', 'Wellness Service - Positive', 'Wellness Service - Positive']}]"
576,everything is working well and bgsu addresses every mental health concern equally.,"[{'start': 0, 'end': 82, 'aspects': ['On-campus Service'], 'sentiments': ['Positive'], 'raw_labels': ['On-campus Service - Positive', 'On-campus Service - Positive', 'On-campus Service - Positive']}]"
577,the counseling center is great because they allow you to talk to someone the same day. there are also days where we can go out and talk to someone. they could use more attention with being able to create a more diverse schedule or allowing to book a few days ina d vance ,"[{'start': 0, 'end': 86, 'aspects': ['Counseling Service'], 'sentiments': ['Positive'], 'raw_labels': ['Counseling Service - Positive', 'Counseling Service - Positive']}, {'start': 148, 'end': 271, 'aspects': ['Service Availability'], 'sentiments': ['Negative'], 'raw_labels': ['Service Availability - Suggestion', 'Service Availability - Suggestion', 'Service Availability - Suggestion']}]"
578,"the only service i have used is a therapy telesession, and it overall went pretty wellz.","[{'start': 0, 'end': 88, 'aspects': ['Therapy Service'], 'sentiments': ['Positive'], 'raw_labels': ['Therapy Service - Positive', 'Therapy Service - Positive', 'Therapy Service - Positive']}]"
579,"follow up on scheduling counseling appointments could use a lot of improvement
","[{'start': 0, 'end': 78, 'aspects': ['Counseling Service'], 'sentiments': ['Negative'], 'raw_labels': ['Counseling Service - Negative', 'Counseling Service - Suggestion', 'Counseling Service - Suggestion']}]"
580,telecounseling reaches many students who don’t live close to campus. i personally like to go to in person counseling because i like real one in one interaction. ,"[{'start': 0, 'end': 68, 'aspects': ['Counseling Service'], 'sentiments': ['Positive'], 'raw_label': 'Counseling Service - Positive'}, {'start': 69, 'end': 160, 'aspects': ['On-campus Service'], 'sentiments': ['Negative'], 'raw_label': 'On-campus Service - Negative'}]"
581,the counseling center does great work but the hours are sometimes a bit limited.,"[{'start': 0, 'end': 38, 'aspects': ['Counseling Service'], 'sentiments': ['Positive'], 'raw_labels': ['Counseling Service - Positive', 'Counseling Service - Positive', 'Counseling Service - Positive']}, {'start': 37, 'end': 80, 'aspects': ['Service Availability'], 'sentiments': ['Negative'], 'raw_labels': ['Service Availability - Negative', 'Service Availability - Limitation', 'Service Availability - Negative']}]"
582,"many students have complained that the therapists and counseling services offered through the university are unhelpful at best. therapists are described as apathetic and dismissive of issues, while the pace of referrals and appointments is extremely sluggish. ","[{'start': 0, 'end': 127, 'aspects': ['Counseling Service'], 'sentiments': ['Negative'], 'raw_labels': ['Counseling Service - Negative', 'Counseling Service - Negative', 'On-campus Service - Negative']}, {'start': 192, 'end': 260, 'aspects': ['Service Availability'], 'sentiments': ['Negative'], 'raw_labels': ['Service Availability - Negative', 'Service Availability - Negative', 'Service Availability - Negative']}, {'start': 128, 'end': 192, 'aspects': ['Therapy Service'], 'sentiments': ['Negative'], 'raw_labels': ['Therapy Service - Negative', 'Therapy Service - Negative']}]"
583,there needs to be more diversity in terms of counselors available to students. ,"[{'start': 0, 'end': 78, 'aspects': ['Counseling Service'], 'sentiments': ['Negative'], 'raw_labels': ['Counseling Service - Negative', 'Service Availability - Suggestion', 'Counseling Service - Suggestion']}]"
584,i actually haven’t used them because i’m not used to ask for help when i have to ,"[{'start': 0, 'end': 81, 'aspects': ['General'], 'sentiments': ['Neutral'], 'raw_labels': ['General - Neutral', 'General - Neutral', 'General - Limitation']}]"
585,"i don't know, i do not use mental health resources provided at my university.","[{'start': 0, 'end': 77, 'aspects': ['General'], 'sentiments': ['Neutral'], 'raw_labels': ['General - Neutral', 'General - Neutral', 'General - Neutral']}]"
586,only time i've had experience with these services was when my professor let the school know i was going though a difficult time so you guys reached out. that was nice because it was prompt and helpful,"[{'start': 0, 'end': 200, 'aspects': ['On-campus Service'], 'sentiments': ['Positive'], 'raw_labels': ['On-campus Service - Positive', 'On-campus Service - Positive', 'On-campus Service - Positive']}]"
587,"the daily health check is useless and is likely a legality, although i have enjoyed in-person counceling","[{'start': 0, 'end': 58, 'aspects': ['Wellness Service'], 'sentiments': ['Negative'], 'raw_labels': ['Wellness Service - Negative', 'Wellness Service - Negative', 'Wellness Service - Negative']}, {'start': 60, 'end': 104, 'aspects': ['Counseling Service'], 'sentiments': ['Positive'], 'raw_labels': ['Counseling Service - Positive', 'Counseling Service - Positive', 'Counseling Service - Positive']}]"
588,"the counseling is good but there aren't enough counselors, the college should hire more. wait times to see a counselor are four weeks right now","[{'start': 0, 'end': 23, 'aspects': ['Counseling Service'], 'sentiments': ['Positive'], 'raw_labels': ['Counseling Service - Positive', 'Counseling Service - Positive', 'Counseling Service - Positive']}, {'start': 23, 'end': 143, 'aspects': ['Service Availability'], 'sentiments': ['Negative'], 'raw_labels': ['Service Availability - Negative', 'Service Availability - Suggestion']}]"
589,the caps is working well. it's good with counseling but struggling on diagnosing and giving medication,"[{'start': 0, 'end': 25, 'aspects': [], 'sentiments': [], 'raw_labels': ['On-campus Service - Positive', 'Counseling Service - Positive']}, {'start': 26, 'end': 102, 'aspects': ['Therapy Service'], 'sentiments': ['Negative'], 'raw_labels': ['Therapy Service - Negative', 'Therapy Service - Limitation', 'Therapy Service - Limitation']}]"
590,i am not aware of any mental health counseling or support on campus. communicating that these resources are available should be increased beyond just mass emails. advisors should be contacting students and/or mentioning the provided services as well as how to utilize them when helping students pick classes or whatever they may be speaking about.,"[{'start': 69, 'end': 163, 'aspects': [], 'sentiments': [], 'raw_labels': ['Service Availability - Negative', 'Mental Health Service - Suggestion', 'On-campus Service - Suggestion']}, {'start': 163, 'end': 347, 'aspects': ['On-campus Service'], 'sentiments': ['Negative'], 'raw_labels': ['On-campus Service - Negative', 'General - Suggestion', 'On-campus Service - Suggestion']}, {'start': 0, 'end': 68, 'aspects': [], 'sentiments': [], 'raw_labels': ['General - Neutral', 'On-campus Service - Negative']}]"
591,the social media pages are pretty helpful talking about wellness and spreading awareness,"[{'start': 0, 'end': 88, 'aspects': ['Wellness Service'], 'sentiments': ['Positive'], 'raw_labels': ['Wellness Service - Positive', 'Mental Health Service - Positive', 'Wellness Service - Positive']}]"
592,"the website and app seems helpful, but a little confusing! i tried to find a counselor, but then i got too busy and it didn’t work out, so i don’t have too much experience with it! ","[{'start': 0, 'end': 33, 'aspects': ['General'], 'sentiments': ['Positive'], 'raw_label': 'General - Positive'}, {'start': 59, 'end': 180, 'aspects': ['Counseling Service'], 'sentiments': ['Neutral'], 'raw_label': 'Counseling Service - Neutral'}]"
593,"there are many psychological consultants available for appointment, and you can talk about your troubles at any time.","[{'start': 0, 'end': 117, 'aspects': ['Service Availability'], 'sentiments': ['Positive'], 'raw_labels': ['Service Availability - Positive', 'Therapy Service - Positive', 'Service Availability - Positive']}]"
594,they send out a weekly newsletter and help reach out of ways you can feel closer to people right now,"[{'start': 0, 'end': 100, 'aspects': ['Wellness Service'], 'sentiments': ['Positive'], 'raw_labels': ['Wellness Service - Positive', 'Wellness Service - Positive', 'On-campus Service - Positive']}]"
595,"unsure since i haven't used any of said services , although i have heard mental health services have ridiculous wait times.","[{'start': 51, 'end': 123, 'aspects': ['Service Availability'], 'sentiments': ['Negative'], 'raw_labels': ['Service Availability - Negative', 'Service Availability - Limitation', 'Service Availability - Negative']}, {'start': 0, 'end': 49, 'aspects': [], 'sentiments': [], 'raw_labels': ['General - Neutral', 'On-campus Service - Neutral']}]"
596,counseling is widely available but could be improved in terms of quality,"[{'start': 0, 'end': 30, 'aspects': ['Service Availability'], 'sentiments': ['Positive'], 'raw_labels': ['Service Availability - Positive', 'Service Availability - Positive']}, {'start': 31, 'end': 72, 'aspects': ['Counseling Service'], 'sentiments': ['Negative'], 'raw_labels': ['Counseling Service - Negative', 'Counseling Service - Suggestion']}]"
597,need health services that aren’t necessarily people who are on campus so that we could have more privacy.  that is why i’m not using the services provided.  more privacy,"[{'start': 0, 'end': 169, 'aspects': ['On-campus Service'], 'sentiments': ['Negative'], 'raw_label': 'On-campus Service - Negative'}]"
598,i feel a lack of accessibility to mental health aid because of the lack of availability appointments.,"[{'start': 0, 'end': 101, 'aspects': ['Service Availability'], 'sentiments': ['Negative'], 'raw_labels': ['Service Availability - Negative', 'Service Availability - Limitation', 'Service Availability - Limitation']}]"
599,"i like how they promote the services, but the caps system isn't great. i have to call them, and i can never find a place to call them alone, meaning i have to call while around other people, which is very stressful. i wish they would accept emails or forms to register instead, as i don't feel comfortable telling the people around me that i need help with my mental health.","[{'start': 38, 'end': 276, 'aspects': [], 'sentiments': [], 'raw_labels': ['On-campus Service - Negative', 'General - Neutral', 'Service Availability - Negative']}, {'start': 0, 'end': 36, 'aspects': [], 'sentiments': [], 'raw_labels': ['Mental Health Service - Positive', 'On-campus Service - Positive']}, {'start': 38, 'end': 70, 'aspects': ['Counseling Service'], 'sentiments': ['Negative'], 'raw_labels': ['Counseling Service - Negative', 'Counseling Service - Negative']}, {'start': 215, 'end': 374, 'aspects': ['Counseling Service'], 'sentiments': ['Negative'], 'raw_labels': ['Counseling Service - Suggestion', 'Counseling Service - Suggestion']}]"
600,"zoom counseling is available if needed for a few free sessions. however, it's done by people who are just learning so it's somewhat limited. psychiatry and other services are done by referral through the original counselor or through a third party and feel out of reach.","[{'start': 141, 'end': 270, 'aspects': ['Mental Health Service'], 'sentiments': ['Negative'], 'raw_labels': ['Mental Health Service - Negative', 'Service Availability - Limitation', 'Mental Health Service - Limitation']}, {'start': 0, 'end': 62, 'aspects': [], 'sentiments': [], 'raw_labels': ['Hotline Service - Positive', 'Service Availability - Positive']}, {'start': 64, 'end': 140, 'aspects': [], 'sentiments': [], 'raw_labels': ['Service Availability - Limitation', 'Counseling Service - Limitation']}]"
601,i genuinely can’t think of any resource that is actually timely and helpful. there are next to no counseling sessions available since every single one of the sessions is booked. paws is a bs program that is only a temporary solution to a difficult and complex issue ,"[{'start': 77, 'end': 177, 'aspects': ['Service Availability'], 'sentiments': ['Negative'], 'raw_labels': ['Service Availability - Negative', 'Service Availability - Limitation', 'Service Availability - Negative']}, {'start': 178, 'end': 266, 'aspects': ['On-campus Service'], 'sentiments': ['Negative'], 'raw_labels': ['On-campus Service - Negative', 'Wellness Service - Positive', 'On-campus Service - Negative']}, {'start': 0, 'end': 76, 'aspects': ['On-campus Service'], 'sentiments': ['Negative'], 'raw_labels': ['On-campus Service - Negative', 'On-campus Service - Negative']}]"
602,caps does not really work and it somehow worsen the situation. i talk to my academic advisor about my personal issues and she has been really caring,"[{'start': 0, 'end': 62, 'aspects': ['Counseling Service'], 'sentiments': ['Negative'], 'raw_labels': ['On-campus Service - Negative', 'Counseling Service - Negative', 'Counseling Service - Negative']}, {'start': 62, 'end': 148, 'aspects': ['General'], 'sentiments': ['Positive'], 'raw_labels': ['Counseling Service - Positive', 'General - Positive', 'General - Positive']}]"
603,"in general, there's lots of availability for individual counseling for mild mental illness, but trying to get help for particular issues is difficult because we aren't given bios for therapists. (we also aren't able to choose who we see.) i've already gone through several therapists because it hasn't been made clear to me that they don't specialize in what i need help with until a few sessions in.","[{'start': 0, 'end': 91, 'aspects': ['Counseling Service'], 'sentiments': ['Positive'], 'raw_labels': ['Counseling Service - Positive', 'Counseling Service - Positive', 'Service Availability - Positive']}, {'start': 92, 'end': 238, 'aspects': ['Counseling Service'], 'sentiments': ['Negative'], 'raw_labels': ['Therapy Service - Negative', 'Counseling Service - Limitation', 'Counseling Service - Negative']}, {'start': 238, 'end': 400, 'aspects': [], 'sentiments': [], 'raw_labels': ['Counseling Service - Limitation', 'Therapy Service - Negative']}]"
604,students shouldn't be put on a waitlist for months when they apply for student counseling. there should be enough staff to provide students with immediate help,"[{'start': 0, 'end': 89, 'aspects': ['Counseling Service'], 'sentiments': ['Negative'], 'raw_labels': ['Counseling Service - Limitation', 'Counseling Service - Suggestion']}, {'start': 90, 'end': 159, 'aspects': ['Service Availability'], 'sentiments': ['Negative'], 'raw_labels': ['Service Availability - Suggestion', 'Service Availability - Suggestion']}]"
605,"the free counseling sucked, they need more faculty and especially more diverse faculty.  it got to a point where they were more focused on sending me to an off campus therapist than making sure i am taking care of myself and i dreaded talking to them.  they need to have an actual on-campus option.  i don't have a therapist because they're all so expensive and the on-campus staff is only really focused on short term rather than long term solutions.","[{'start': 0, 'end': 88, 'aspects': ['Counseling Service'], 'sentiments': ['Negative'], 'raw_labels': ['Counseling Service - Negative', 'Service Availability - Suggestion', 'Counseling Service - Suggestion']}, {'start': 88, 'end': 298, 'aspects': ['Counseling Service'], 'sentiments': ['Negative'], 'raw_labels': ['Therapy Service - Negative', 'Counseling Service - Negative', 'Counseling Service - Limitation']}, {'start': 252, 'end': 298, 'aspects': ['Counseling Service'], 'sentiments': ['Negative'], 'raw_labels': ['Counseling Service - Suggestion', 'Counseling Service - Suggestion']}, {'start': 298, 'end': 451, 'aspects': [], 'sentiments': [], 'raw_labels': ['Counseling Service - Negative', 'Therapy Service - Limitation']}]"
606,i think the cost of some mental health resources is what is not working well. our diversity of the counselors can be improved upon because some people are more comfortable with a woman over a man or need someone closer to them in race/ethnicity. ,"[{'start': 0, 'end': 78, 'aspects': ['Mental Health Service'], 'sentiments': ['Negative'], 'raw_labels': ['Mental Health Service - Negative', 'On-campus Service - Negative', 'Mental Health Service - Limitation']}, {'start': 78, 'end': 246, 'aspects': ['Counseling Service'], 'sentiments': ['Negative'], 'raw_labels': ['Counseling Service - Negative', 'Service Availability - Suggestion', 'Counseling Service - Suggestion']}]"
607,"telehealth has helped me alot with my mental health issues. however, i wish we had in-person counselors on campus because it is not the same talking to someone over a zoom call or on the phone as in person. ","[{'start': 0, 'end': 59, 'aspects': ['Hotline Service'], 'sentiments': ['Positive'], 'raw_labels': ['Hotline Service - Positive', 'Hotline Service - Positive', 'Hotline Service - Positive']}, {'start': 59, 'end': 207, 'aspects': ['Counseling Service'], 'sentiments': ['Negative'], 'raw_labels': ['Counseling Service - Negative', 'Counseling Service - Suggestion', 'Counseling Service - Suggestion']}]"
608,"i really like my therapist, and i've been able to switch around until i found somebody i liked, but i'm having to wait over a month for a psychiatry appointment. ","[{'start': 0, 'end': 95, 'aspects': [], 'sentiments': [], 'raw_labels': ['Therapy Service - Positive', 'Counseling Service - Positive', 'Service Availability - Positive']}, {'start': 96, 'end': 161, 'aspects': ['Service Availability'], 'sentiments': ['Negative'], 'raw_labels': ['Service Availability - Negative', 'Service Availability - Limitation', 'Service Availability - Negative']}]"
609,i’m not sure because i do not use any :/ i have heard people find it difficult to get quick appointments (usually a long wait),"[{'start': 41, 'end': 126, 'aspects': ['Service Availability'], 'sentiments': ['Negative'], 'raw_labels': ['Service Availability - Negative', 'Service Availability - Limitation', 'Service Availability - Negative']}, {'start': 0, 'end': 40, 'aspects': [], 'sentiments': [], 'raw_labels': ['General - Neutral', 'On-campus Service - Neutral']}]"
610,"ultimately, i believe that my university is very well educated on and equipped for offering diverse and more than sufficient mental health resources, and it now comes down to student choice and students approaching and accepting the proffered help.","[{'start': 0, 'end': 148, 'aspects': ['Mental Health Service'], 'sentiments': ['Positive'], 'raw_labels': ['Mental Health Service - Positive', 'On-campus Service - Positive', 'Mental Health Service - Positive']}, {'start': 150, 'end': 248, 'aspects': [], 'sentiments': [], 'raw_labels': ['General - Neutral', 'General - Limitation']}]"
611,i don't know as i have not paid much attention to it due to being a remote student,"[{'start': 0, 'end': 82, 'aspects': ['General'], 'sentiments': ['Neutral'], 'raw_labels': ['General - Neutral', 'General - Neutral', 'General - Neutral']}]"
612,i haven't had good experiences with the asu counseling services. i think they need better trained counselors.,"[{'start': 0, 'end': 64, 'aspects': [], 'sentiments': [], 'raw_labels': ['Counseling Service - Negative', 'Counseling Service - Neutral']}, {'start': 64, 'end': 109, 'aspects': ['Counseling Service'], 'sentiments': ['Negative'], 'raw_labels': ['Counseling Service - Suggestion', 'Counseling Service - Suggestion']}]"
613,i like the addition of having animal interactions everything else i’m not sure about,"[{'start': 0, 'end': 49, 'aspects': ['Wellness Service'], 'sentiments': ['Positive'], 'raw_labels': ['Wellness Service - Positive', 'Wellness Service - Positive']}]"
614,"they seem like they're trying their best but there just aren't enough counselors that can do the job that the students need
","[{'start': 0, 'end': 123, 'aspects': ['Counseling Service'], 'sentiments': ['Negative'], 'raw_labels': ['Counseling Service - Negative', 'Service Availability - Limitation', 'Counseling Service - Negative']}]"
615,"the mental health services in the wellness center are really good, as there are many different options for treatment. however, the college sometimes has a difficult time communicating these resources with the student population ","[{'start': 0, 'end': 117, 'aspects': ['Mental Health Service'], 'sentiments': ['Positive'], 'raw_label': 'Mental Health Service - Positive'}, {'start': 118, 'end': 227, 'aspects': ['Service Availability'], 'sentiments': ['Negative'], 'raw_label': 'Service Availability - Negative'}]"
616,i don't really use any of the services on campus but i've heard from friends that they just aren't very good at what they do? i'm also aware that it's really hard to get an appointment and get a therapist on campus,"[{'start': 0, 'end': 125, 'aspects': ['On-campus Service'], 'sentiments': ['Negative'], 'raw_labels': ['On-campus Service - Negative', 'On-campus Service - Negative']}, {'start': 126, 'end': 214, 'aspects': ['Service Availability'], 'sentiments': ['Negative'], 'raw_labels': ['Service Availability - Negative', 'Service Availability - Limitation', 'Service Availability - Negative']}]"
617,"the counselor i saw was very kind and helpful in connecting me to resources. however, emergency services are lacking and therapy visits can only do so much for the overall wellness of the student community.","[{'start': 0, 'end': 76, 'aspects': ['Counseling Service'], 'sentiments': ['Positive'], 'raw_labels': ['Counseling Service - Positive', 'Counseling Service - Positive', 'Counseling Service - Positive']}, {'start': 86, 'end': 116, 'aspects': [], 'sentiments': [], 'raw_labels': ['Hotline Service - Negative', 'On-campus Service - Negative']}, {'start': 77, 'end': 206, 'aspects': ['Therapy Service'], 'sentiments': ['Negative'], 'raw_labels': ['Therapy Service - Negative', 'Therapy Service - Limitation', 'Service Availability - Negative']}]"
618,"the online counseling offered works pretty well, but i did feel rushed to only do it temporarily.","[{'start': 0, 'end': 48, 'aspects': ['Counseling Service'], 'sentiments': ['Positive'], 'raw_labels': ['Counseling Service - Positive', 'Counseling Service - Positive', 'Counseling Service - Positive']}, {'start': 49, 'end': 97, 'aspects': ['Service Availability'], 'sentiments': ['Negative'], 'raw_labels': ['Service Availability - Negative', 'Service Availability - Limitation', 'Counseling Service - Negative']}]"
619,"there are just not enough services available, a long wait time is not helpful for some people and makes their mental health worse","[{'start': 0, 'end': 129, 'aspects': ['Service Availability'], 'sentiments': ['Negative'], 'raw_labels': ['Service Availability - Negative', 'Service Availability - Limitation', 'Service Availability - Negative']}, {'start': 0, 'end': 44, 'aspects': [], 'sentiments': [], 'raw_labels': ['On-campus Service - Negative', 'Service Availability - Negative']}]"
620,they are bad. im paying 400 fee for them to just refer me off campus.,"[{'start': 0, 'end': 69, 'aspects': ['On-campus Service'], 'sentiments': ['Negative'], 'raw_labels': ['On-campus Service - Negative', 'Service Availability - Limitation', 'On-campus Service - Negative']}]"
621,"i hardly hear about the resources available concerning mental health.they are either nonexistent, too few or not well advertised.","[{'start': 0, 'end': 129, 'aspects': ['Service Availability'], 'sentiments': ['Negative'], 'raw_label': 'Service Availability - Negative'}]"
622,literally nothing caps is full and they ghosted me after saying i could go off campus. i don’t have a car and i can’t do that.,"[{'start': 0, 'end': 125, 'aspects': ['On-campus Service'], 'sentiments': ['Negative'], 'raw_labels': ['On-campus Service - Negative', 'Counseling Service - Negative', 'On-campus Service - Negative']}]"
623,"i think the counseling service is a good option, but its accessibility is lacking ","[{'start': 0, 'end': 47, 'aspects': ['Counseling Service'], 'sentiments': ['Positive'], 'raw_labels': ['Counseling Service - Positive', 'Counseling Service - Positive', 'Counseling Service - Positive']}, {'start': 49, 'end': 82, 'aspects': ['Service Availability'], 'sentiments': ['Negative'], 'raw_labels': ['Service Availability - Negative', 'Service Availability - Limitation', 'Service Availability - Negative']}]"
624,there is one counselor that the college pays for (until fall semester this year) named ryan walker and he's been great. i just feel it's not a good idea to have 1 person for thousands of students. ,"[{'start': 0, 'end': 119, 'aspects': ['Counseling Service'], 'sentiments': ['Positive'], 'raw_labels': ['Counseling Service - Positive', 'Counseling Service - Positive', 'Counseling Service - Positive']}, {'start': 119, 'end': 197, 'aspects': ['Service Availability'], 'sentiments': ['Negative'], 'raw_labels': ['Service Availability - Negative', 'Service Availability - Limitation', 'Counseling Service - Negative']}]"
625,"i think it would be more helpful to increase the amount of psychiatric services provided. i really appreciated that they were available, but getting access to them was very challenging, and they weren't a long-term solution, which was frustrating.","[{'start': 0, 'end': 89, 'aspects': [], 'sentiments': [], 'raw_labels': ['Service Availability - Negative', 'Therapy Service - Suggestion', 'Mental Health Service - Suggestion']}, {'start': 89, 'end': 247, 'aspects': ['Service Availability'], 'sentiments': ['Negative'], 'raw_labels': ['Service Availability - Negative', 'Service Availability - Limitation']}]"
626,"to my understanding counseling is intended to be short-term and goal based, regularly scheduled consistent therapy counseling is not offered which is an issue. ","[{'start': 0, 'end': 160, 'aspects': ['Counseling Service'], 'sentiments': ['Negative'], 'raw_labels': ['Counseling Service - Negative', 'Counseling Service - Negative', 'Counseling Service - Negative']}]"
627,"not sure, i have not utilized any of them at this time.","[{'start': 0, 'end': 55, 'aspects': ['General'], 'sentiments': ['Neutral'], 'raw_labels': ['General - Neutral', 'General - Neutral', 'General - Neutral']}]"
628,"i know that they have several different options for talking to a counselor. however, there are many more students per councilor, which is likely one of the reasons that several suicides on campus have occurred from the lack of actual availability. in addition, dispite the reduced cost, therapy is still expensive, especially if you have long term issues like i do.","[{'start': 0, 'end': 247, 'aspects': ['Service Availability'], 'sentiments': ['Negative'], 'raw_labels': ['Service Availability - Negative', 'Service Availability - Limitation', 'Service Availability - Limitation']}, {'start': 248, 'end': 365, 'aspects': ['Therapy Service'], 'sentiments': ['Negative'], 'raw_labels': ['Therapy Service - Negative', 'On-campus Service - Negative', 'Therapy Service - Negative']}]"
629,more specific types of mental health issues rather than umbrella terms and diagnosis’s ,"[{'start': 0, 'end': 87, 'aspects': ['Mental Health Service'], 'sentiments': ['Negative'], 'raw_labels': ['Mental Health Service - Negative', 'Mental Health Service - Suggestion', 'Mental Health Service - Negative']}]"
630,it is fairly easy to get in for an intake appointment. there are usually opening within a week or so.,"[{'start': 0, 'end': 101, 'aspects': ['Service Availability'], 'sentiments': ['Positive'], 'raw_labels': ['Service Availability - Positive', 'Service Availability - Positive', 'Service Availability - Positive']}]"
631,"telehealth counseling with on-campus, middlebury-hired counselors is working alright. i am hoping that post-covid, there will be more agency in choice to go in-person or maintain online counseling.","[{'start': 0, 'end': 85, 'aspects': ['Counseling Service'], 'sentiments': ['Positive'], 'raw_labels': ['Counseling Service - Positive', 'Counseling Service - Positive', 'Counseling Service - Positive']}, {'start': 86, 'end': 197, 'aspects': [], 'sentiments': [], 'raw_labels': ['Service Availability - Suggestion', 'Service Availability - Neutral', 'Counseling Service - Suggestion']}]"
632,"the fact that talkspace is offered is nice, the fact that iws cannot fill their staff properly is terrible","[{'start': 0, 'end': 42, 'aspects': ['Wellness Service'], 'sentiments': ['Positive'], 'raw_label': 'Wellness Service - Positive'}, {'start': 44, 'end': 106, 'aspects': ['On-campus Service'], 'sentiments': ['Negative'], 'raw_label': 'On-campus Service - Negative'}]"
633,i think the free counciling  has allowed more students to reach out and try services like that,"[{'start': 0, 'end': 94, 'aspects': ['Counseling Service'], 'sentiments': ['Positive'], 'raw_labels': ['Counseling Service - Positive', 'Counseling Service - Positive', 'Counseling Service - Positive']}]"
634,the student health center is easy to access. the college needs better access to counseling services,"[{'start': 0, 'end': 44, 'aspects': ['Service Availability'], 'sentiments': ['Positive'], 'raw_labels': ['Service Availability - Positive', 'Service Availability - Positive', 'Service Availability - Positive']}, {'start': 45, 'end': 99, 'aspects': ['Counseling Service'], 'sentiments': ['Negative'], 'raw_labels': ['Counseling Service - Negative', 'Counseling Service - Suggestion', 'Counseling Service - Suggestion']}]"
635,"awareness is good, more staff and professors are acknowledging issues and being flexible","[{'start': 0, 'end': 88, 'aspects': ['On-campus Service'], 'sentiments': ['Positive'], 'raw_labels': ['On-campus Service - Positive', 'On-campus Service - Positive', 'General - Suggestion']}]"
636,"i don't know what's provided, therefore i think the services and programs should work on being more visible.","[{'start': 0, 'end': 108, 'aspects': ['Service Availability'], 'sentiments': ['Negative'], 'raw_label': 'Service Availability - Negative'}]"
637,"from what i know, the school provides a good amount of resources for student mental health, including counseling. i am not aware of any aspects that need more attention. ","[{'start': 0, 'end': 113, 'aspects': ['Mental Health Service'], 'sentiments': ['Positive'], 'raw_labels': ['Mental Health Service - Positive', 'Mental Health Service - Positive', 'Mental Health Service - Positive']}, {'start': 113, 'end': 169, 'aspects': [], 'sentiments': [], 'raw_labels': ['General - Neutral', 'On-campus Service - Positive']}]"
638,honestly i have never needed nor heard of any mental health services around campus. maybe more advertising for existing programs would help ,"[{'start': 0, 'end': 140, 'aspects': ['Service Availability'], 'sentiments': ['Negative'], 'raw_label': 'Service Availability - Suggestion'}]"
639,"the basic counseling works cwell, but i think we need more support for the system so it doesn't take as long, peoploe can see more specialized counselors, etc. ","[{'start': 0, 'end': 32, 'aspects': ['Counseling Service'], 'sentiments': ['Positive'], 'raw_labels': ['Counseling Service - Positive', 'Counseling Service - Positive', 'Counseling Service - Positive']}, {'start': 34, 'end': 159, 'aspects': ['Service Availability'], 'sentiments': ['Negative'], 'raw_labels': ['Service Availability - Suggestion', 'Service Availability - Negative']}]"
640,gettin counseling or someone to talk to is easy and quick i just wish it was easier to get diagnosed or getting medication,"[{'start': 0, 'end': 57, 'aspects': ['Counseling Service'], 'sentiments': ['Positive'], 'raw_labels': ['Counseling Service - Positive', 'Counseling Service - Positive', 'Counseling Service - Positive']}, {'start': 57, 'end': 122, 'aspects': ['Therapy Service'], 'sentiments': ['Negative'], 'raw_labels': ['Service Availability - Negative', 'Therapy Service - Suggestion', 'Therapy Service - Suggestion']}]"
641,"theyre inaccessible, i can’t even get anyone in the mental health office to answer the phonr","[{'start': 0, 'end': 92, 'aspects': ['Service Availability'], 'sentiments': ['Negative'], 'raw_labels': ['Service Availability - Negative', 'Counseling Service - Limitation', 'Service Availability - Negative']}]"
642,i'm not at all aware of what resources are available. it would be great if the university could do more to make students aware of what kind of supports they can find.,"[{'start': 0, 'end': 166, 'aspects': ['Service Availability'], 'sentiments': ['Negative'], 'raw_label': 'Service Availability - Negative'}]"
643,"no, they just redirect me to my in network resources, but they are generally very racist places to be, so very unhelpful. i ended up going through my primary physician after months of wasting time with sbu.","[{'start': 0, 'end': 121, 'aspects': ['On-campus Service'], 'sentiments': ['Negative'], 'raw_labels': ['On-campus Service - Negative', 'On-campus Service - Negative']}]"
644,i am not sure i got mental health counseling through my insurance ,"[{'start': 0, 'end': 65, 'aspects': ['Counseling Service'], 'sentiments': ['Neutral'], 'raw_label': 'Counseling Service - Neutral'}]"
645,counseling and mental health workshops work well. possible promotion towards these mental health services to make them more well known could be helpful.,"[{'start': 0, 'end': 49, 'aspects': ['Counseling Service'], 'sentiments': ['Positive'], 'raw_label': 'Counseling Service - Positive'}, {'start': 50, 'end': 152, 'aspects': ['Service Availability'], 'sentiments': ['Negative'], 'raw_label': 'Service Availability - Suggestion'}]"
646,"i feel as though we are told we have them which is great about telling us it is there, but does not give specifics about what they do, how they help. they seem as though it's like high school counselors, who can't help other than tell you ""it's okay, you'll get through it."" i've been told multiple times the asu counselors not good compared to an actual therapist and that's why i have never gone. ","[{'start': 0, 'end': 149, 'aspects': [], 'sentiments': [], 'raw_labels': ['Service Availability - Negative', 'Mental Health Service - Limitation']}, {'start': 150, 'end': 399, 'aspects': ['Counseling Service'], 'sentiments': ['Negative'], 'raw_labels': ['Counseling Service - Negative', 'Counseling Service - Negative']}]"
647,"we need more accessibility to on-campus counseling services. what ub has right now is not sufficient, especially when they don't really help and are hard to reach. the limits on counseling appointments is not helpful either.","[{'start': 0, 'end': 224, 'aspects': ['Service Availability'], 'sentiments': ['Negative'], 'raw_labels': ['Service Availability - Negative', 'Service Availability - Limitation', 'On-campus Service - Negative']}, {'start': 0, 'end': 60, 'aspects': ['Counseling Service'], 'sentiments': ['Negative'], 'raw_labels': ['Counseling Service - Negative', 'Counseling Service - Suggestion']}]"
648,i am not aware of many of the services provided by my college,"[{'start': 0, 'end': 61, 'aspects': ['General'], 'sentiments': ['Neutral'], 'raw_label': 'General - Neutral'}]"
649,i am not fully informed on the type of program that the school provides. ,"[{'start': 0, 'end': 72, 'aspects': ['Service Availability'], 'sentiments': ['Negative'], 'raw_label': 'Service Availability - Negative'}]"
650,"we have a good on campus councilor that addresses almost all of the problems that the students at our campus report, but she does have a hard time getting to the root of the problem when the student is not entirely sure what the problem is.","[{'start': 0, 'end': 115, 'aspects': ['Counseling Service'], 'sentiments': ['Positive'], 'raw_labels': ['Counseling Service - Positive', 'Counseling Service - Positive', 'Counseling Service - Positive']}, {'start': 117, 'end': 240, 'aspects': ['Counseling Service'], 'sentiments': ['Negative'], 'raw_labels': ['Counseling Service - Negative', 'Counseling Service - Limitation', 'Counseling Service - Limitation']}]"
651,"my school has a 24 hour crisis line and counseling services available to all students. however, the amount of appointments that a student can have and the wait time to get an appointment is a serious barrier. ","[{'start': 0, 'end': 35, 'aspects': ['Hotline Service'], 'sentiments': ['Positive'], 'raw_labels': ['Hotline Service - Positive', 'Hotline Service - Positive']}, {'start': 40, 'end': 87, 'aspects': ['Counseling Service'], 'sentiments': ['Positive'], 'raw_labels': ['Counseling Service - Positive', 'Counseling Service - Positive']}, {'start': 87, 'end': 209, 'aspects': ['Service Availability'], 'sentiments': ['Negative'], 'raw_labels': ['Service Availability - Negative', 'Service Availability - Limitation', 'Service Availability - Limitation']}]"
652,"counseling is pretty good, though it would be better if it wasn't so short term.","[{'start': 0, 'end': 26, 'aspects': ['Counseling Service'], 'sentiments': ['Positive'], 'raw_labels': ['Counseling Service - Positive', 'Counseling Service - Positive', 'Counseling Service - Positive']}, {'start': 27, 'end': 80, 'aspects': ['Counseling Service'], 'sentiments': ['Negative'], 'raw_labels': ['Counseling Service - Suggestion', 'Counseling Service - Suggestion', 'Service Availability - Suggestion']}]"
653,i have not used any mental health service so i do not know what needs more money,"[{'start': 0, 'end': 80, 'aspects': ['General'], 'sentiments': ['Neutral'], 'raw_labels': ['General - Neutral', 'General - Neutral', 'General - Neutral']}]"
654,the on campus psychiatry department is good but oh man the ucc :/,"[{'start': 0, 'end': 44, 'aspects': ['Therapy Service'], 'sentiments': ['Positive'], 'raw_labels': ['On-campus Service - Positive', 'Therapy Service - Positive', 'Therapy Service - Positive']}, {'start': 44, 'end': 65, 'aspects': ['General'], 'sentiments': ['Negative'], 'raw_labels': ['General - Negative', 'General - Negative', 'Counseling Service - Negative']}]"
655,i have not had the opportunity to experience any of my college’s mental health & wellness services but i know that they are well equipped to accommodate students with mental health issues.,"[{'start': 99, 'end': 188, 'aspects': ['On-campus Service'], 'sentiments': ['Positive'], 'raw_labels': ['Mental Health Service - Positive', 'On-campus Service - Positive', 'On-campus Service - Positive']}, {'start': 0, 'end': 98, 'aspects': ['General'], 'sentiments': ['Neutral'], 'raw_labels': ['General - Neutral', 'General - Neutral']}]"
656,"i’m not sure since i haven’t used them, but i have heard great things","[{'start': 0, 'end': 69, 'aspects': ['General'], 'sentiments': ['Neutral'], 'raw_label': 'General - Neutral'}]"
657,get people liscensed to talk ab substance abuse so they don’t kick people out and have to go to places that cost money,"[{'start': 0, 'end': 118, 'aspects': ['Mental Health Service'], 'sentiments': ['Negative'], 'raw_label': 'Mental Health Service - Negative'}]"
658,weekly mental health checking in by emails that state how to get help,"[{'start': 0, 'end': 69, 'aspects': ['Wellness Service'], 'sentiments': ['Positive'], 'raw_label': 'Wellness Service - Positive'}]"
659,i feel like not many people are aware that those services are provided.,"[{'start': 0, 'end': 71, 'aspects': ['Service Availability'], 'sentiments': ['Negative'], 'raw_label': 'Service Availability - Negative'}]"
660,the actual counseling center works well but they get booked so easily. also the college academically does not care about our mental health ,"[{'start': 0, 'end': 40, 'aspects': ['Counseling Service'], 'sentiments': ['Positive'], 'raw_labels': ['Counseling Service - Positive', 'Counseling Service - Positive', 'Counseling Service - Positive']}, {'start': 40, 'end': 71, 'aspects': ['Service Availability'], 'sentiments': ['Negative'], 'raw_labels': ['Service Availability - Negative', 'Service Availability - Limitation', 'Service Availability - Negative']}, {'start': 71, 'end': 139, 'aspects': ['General'], 'sentiments': ['Negative'], 'raw_labels': ['On-campus Service - Negative', 'General - Limitation', 'General - Negative']}]"
661,"the therapists themselves are ok - although niche. i mean they work well for some. there’s not much diversity- and i know that smith says half are poc but when the total is 12, 50% of employees are still just 6. we need more therapists. it’s clear and fact that smith students carry more trauma than other students (and that’s just starting from identity) so it’s a no brainer that 12 isn’t enough. especially with an over enrolled school - we didn’t have enough therapists before and now we certainly don’t have enough. we took a mental health survey earlier that is apparently still being analyzed and i look at data all day. i’d be blind to still wonder if we need more therapists (especially when the weight of not having enough therapists can result in death)","[{'start': 0, 'end': 50, 'aspects': ['Therapy Service'], 'sentiments': ['Positive'], 'raw_labels': ['Counseling Service - Positive', 'Therapy Service - Positive', 'Therapy Service - Positive']}, {'start': 83, 'end': 520, 'aspects': ['Service Availability'], 'sentiments': ['Negative'], 'raw_labels': ['Service Availability - Negative', 'Service Availability - Limitation']}, {'start': 521, 'end': 764, 'aspects': [], 'sentiments': [], 'raw_labels': ['Service Availability - Limitation', 'Therapy Service - Suggestion']}]"
662,"i like department specific mental health counseling (e.g., for engineers). there are not enough providers though to make the mental health services helpful.","[{'start': 0, 'end': 74, 'aspects': ['Counseling Service'], 'sentiments': ['Positive'], 'raw_labels': ['Counseling Service - Positive', 'Counseling Service - Suggestion', 'Counseling Service - Positive']}, {'start': 75, 'end': 156, 'aspects': ['Service Availability'], 'sentiments': ['Negative'], 'raw_labels': ['Service Availability - Negative', 'Service Availability - Limitation', 'Service Availability - Negative']}]"
663,"i feel the college has notoriously let people down in regard to mental health services. it is difficult to receive ongoing counseling, many of the counselors that i've seen have been unfriendly or unhelpful, and it is extremely difficult to get a psychiatric diagnosis in order to receive accommodations. above all, the majority of the counselors are white women, which makes it difficult to describe my experiences to them as a person of color and they often provide culture-blind strategies for dealing with problems. john hancock has been the most helpful person to me, but he is unavailable for ongoing counseling appointments.","[{'start': 0, 'end': 88, 'aspects': ['Mental Health Service'], 'sentiments': ['Negative'], 'raw_labels': ['Mental Health Service - Negative', 'On-campus Service - Negative', 'Mental Health Service - Negative']}, {'start': 88, 'end': 304, 'aspects': [], 'sentiments': [], 'raw_labels': ['Service Availability - Negative', 'Counseling Service - Limitation']}, {'start': 305, 'end': 519, 'aspects': ['Counseling Service'], 'sentiments': ['Negative'], 'raw_labels': ['Counseling Service - Negative', 'Service Availability - Limitation', 'Counseling Service - Limitation']}, {'start': 520, 'end': 572, 'aspects': ['Counseling Service'], 'sentiments': ['Positive'], 'raw_labels': ['Counseling Service - Positive', 'Counseling Service - Positive']}, {'start': 573, 'end': 631, 'aspects': ['Service Availability'], 'sentiments': ['Negative'], 'raw_labels': ['Service Availability - Limitation', 'Service Availability - Negative']}]"
664,"well-woman is working very well in my opinion. i wish that the school would expand it!!!! anxiety and depression in students need more attention, especially during specific seasons. ","[{'start': 0, 'end': 46, 'aspects': ['Wellness Service'], 'sentiments': ['Positive'], 'raw_labels': ['Wellness Service - Positive', 'Wellness Service - Positive', 'Wellness Service - Positive']}, {'start': 47, 'end': 89, 'aspects': [], 'sentiments': [], 'raw_labels': ['Service Availability - Negative', 'Wellness Service - Suggestion']}, {'start': 47, 'end': 182, 'aspects': [], 'sentiments': [], 'raw_labels': ['Mental Health Service - Suggestion', 'On-campus Service - Suggestion', 'Wellness Service - Suggestion']}]"
665,the counselors here are great and the professors really care and will listen to you talk about life.,"[{'start': 0, 'end': 100, 'aspects': ['General'], 'sentiments': ['Positive'], 'raw_labels': ['Counseling Service - Positive', 'General - Positive', 'General - Positive']}, {'start': 0, 'end': 30, 'aspects': ['Counseling Service'], 'sentiments': ['Positive'], 'raw_labels': ['Counseling Service - Positive', 'Counseling Service - Positive']}]"
666,the therapist on campus is working well. the fact that no one knows she’s there isn’t well.,"[{'start': 0, 'end': 40, 'aspects': ['Therapy Service'], 'sentiments': ['Positive'], 'raw_labels': ['Therapy Service - Positive', 'Therapy Service - Positive', 'Therapy Service - Positive']}, {'start': 40, 'end': 91, 'aspects': [], 'sentiments': [], 'raw_labels': ['Service Availability - Negative', 'On-campus Service - Negative']}]"
667,counseling is widely available but i’m not sure how to get in contact ,"[{'start': 0, 'end': 30, 'aspects': ['Counseling Service'], 'sentiments': ['Positive'], 'raw_label': 'Counseling Service - Positive'}, {'start': 31, 'end': 70, 'aspects': ['Service Availability'], 'sentiments': ['Negative'], 'raw_label': 'Service Availability - Negative'}]"
668,i'm not sure what support at the college is working well. i haven't used any.,"[{'start': 0, 'end': 77, 'aspects': ['General'], 'sentiments': ['Neutral'], 'raw_labels': ['General - Neutral', 'General - Neutral', 'On-campus Service - Neutral']}]"
669,"the mental health hotline works well

sometimes there is a waitlist for therapy appointments, which isn't great","[{'start': 0, 'end': 36, 'aspects': ['Hotline Service'], 'sentiments': ['Positive'], 'raw_labels': ['Hotline Service - Positive', 'Hotline Service - Positive', 'Hotline Service - Positive']}, {'start': 38, 'end': 111, 'aspects': ['Service Availability'], 'sentiments': ['Negative'], 'raw_labels': ['Service Availability - Negative', 'Service Availability - Limitation', 'Service Availability - Limitation']}]"
670,"the wellness center and the commuter center are great resources and communicate well through emails. i enjoy the events they organize.

i would like there to be more information about where and how to get in contact with a wellness counseler.","[{'start': 0, 'end': 134, 'aspects': ['Wellness Service'], 'sentiments': ['Positive'], 'raw_labels': ['Wellness Service - Positive', 'Wellness Service - Positive', 'Wellness Service - Positive']}, {'start': 136, 'end': 242, 'aspects': ['Counseling Service'], 'sentiments': ['Negative'], 'raw_labels': ['Counseling Service - Suggestion', 'Wellness Service - Suggestion', 'Counseling Service - Suggestion']}]"
671,"i haven’t used any mental health services provided by the college, nor have i been informed of any. ","[{'start': 0, 'end': 100, 'aspects': ['Service Availability'], 'sentiments': ['Negative'], 'raw_label': 'Service Availability - Negative'}]"
672,the uaa student health and counseling center and uaa care team services are great services provided by my college to help students who are struggling with mental health issue. students also have the option to anonymously advocate for teh wellness of a fellow student. ,"[{'start': 0, 'end': 175, 'aspects': ['On-campus Service'], 'sentiments': ['Positive'], 'raw_labels': ['On-campus Service - Positive', 'On-campus Service - Positive', 'Mental Health Service - Positive']}, {'start': 176, 'end': 268, 'aspects': ['Wellness Service'], 'sentiments': ['Positive'], 'raw_labels': ['Wellness Service - Positive', 'Wellness Service - Positive']}]"
673,"people would always talk about how caps is there for you, but it feels distant. ","[{'start': 0, 'end': 80, 'aspects': ['On-campus Service'], 'sentiments': ['Negative'], 'raw_label': 'On-campus Service - Negative'}]"
674,"they don't have enough counselors and they also don't really do a lot of specified work, but a lot of places off campus are wildly expensive, so there's limited options to get help for serious diagnoses/esas/etc.","[{'start': 0, 'end': 34, 'aspects': ['Service Availability'], 'sentiments': ['Negative'], 'raw_labels': ['Service Availability - Limitation', 'Service Availability - Limitation']}, {'start': 38, 'end': 88, 'aspects': ['Counseling Service'], 'sentiments': ['Negative'], 'raw_labels': ['Counseling Service - Negative', 'Counseling Service - Limitation']}, {'start': 89, 'end': 212, 'aspects': ['General'], 'sentiments': ['Negative'], 'raw_labels': ['General - Limitation', 'General - Limitation']}]"
675,need more attention on students who are really struggling mentally and physically; friends have been turned away by counseling because they were unfit to be helped,"[{'start': 0, 'end': 82, 'aspects': [], 'sentiments': [], 'raw_labels': ['Mental Health Service - Negative', 'On-campus Service - Suggestion', 'General - Suggestion']}, {'start': 83, 'end': 163, 'aspects': ['Counseling Service'], 'sentiments': ['Negative'], 'raw_labels': ['Counseling Service - Negative', 'Counseling Service - Negative', 'Counseling Service - Limitation']}]"
676,i did not know that we were able to get free counseling for a semester. it is still a bit unclear about how to schedule an appointment too. ,"[{'start': 0, 'end': 140, 'aspects': ['Service Availability'], 'sentiments': ['Negative'], 'raw_label': 'Service Availability - Negative'}]"
677,the caps program is great but i think they could partner with off campus agencies for other help,"[{'start': 0, 'end': 26, 'aspects': ['Counseling Service'], 'sentiments': ['Positive'], 'raw_labels': ['On-campus Service - Positive', 'Counseling Service - Positive', 'Counseling Service - Positive']}, {'start': 26, 'end': 96, 'aspects': [], 'sentiments': [], 'raw_labels': ['On-campus Service - Suggestion', 'Service Availability - Suggestion', 'Counseling Service - Suggestion']}]"
678,i havent used the schools services but have heard that the counsiling offered is poor,"[{'start': 0, 'end': 85, 'aspects': ['Counseling Service'], 'sentiments': ['Negative'], 'raw_label': 'Counseling Service - Negative'}]"
679,"i haven't struggled much with my mental health over the course of my time here so far, so i have very little experience with the wellness services here.","[{'start': 0, 'end': 152, 'aspects': ['General'], 'sentiments': ['Neutral'], 'raw_labels': ['Wellness Service - Neutral', 'General - Neutral', 'General - Neutral']}]"
680,i have no idea what works well. im too afraid to admit mental health problems to anyone.,"[{'start': 0, 'end': 88, 'aspects': ['General'], 'sentiments': ['Neutral'], 'raw_labels': ['General - Neutral', 'General - Neutral', 'General - Limitation']}]"
681,i couldn’t tell you what goes into what category. i just didn’t receive effective treatment from them. ,"[{'start': 0, 'end': 103, 'aspects': ['General'], 'sentiments': ['Negative'], 'raw_label': 'General - Negative'}]"
682,i think the corec should offer more workout classes targeted to mental heanth,"[{'start': 0, 'end': 77, 'aspects': ['Wellness Service'], 'sentiments': ['Negative'], 'raw_labels': ['Wellness Service - Negative', 'Wellness Service - Suggestion', 'Mental Health Service - Suggestion']}]"
683,caps is an accessible resource but it can only do so much.,"[{'start': 0, 'end': 58, 'aspects': ['On-campus Service'], 'sentiments': ['Negative'], 'raw_label': 'On-campus Service - Negative'}]"
684,caps is a good start but it’s not enough. it’s too difficult to access or learn how to get help. ,"[{'start': 0, 'end': 21, 'aspects': [], 'sentiments': [], 'raw_labels': ['On-campus Service - Positive', 'Counseling Service - Positive']}, {'start': 21, 'end': 97, 'aspects': ['Service Availability'], 'sentiments': ['Negative'], 'raw_labels': ['Service Availability - Negative', 'Service Availability - Limitation', 'Service Availability - Limitation']}]"
685,"i know only of two currently which is the counseling services and the 360 life services. they seem like they work great as i have not yet had to use them, however i am not sure how well they would work with being an only online student and having conflicting schedules","[{'start': 89, 'end': 153, 'aspects': ['On-campus Service'], 'sentiments': ['Positive'], 'raw_label': 'On-campus Service - Positive'}, {'start': 155, 'end': 268, 'aspects': ['On-campus Service'], 'sentiments': ['Neutral'], 'raw_label': 'On-campus Service - Neutral'}]"
686,"i was not aware that occc offered any mental health options, i think advertising it is something i would like to see","[{'start': 0, 'end': 116, 'aspects': ['Service Availability'], 'sentiments': ['Negative'], 'raw_label': 'Service Availability - Negative'}]"
687,i literally never knew that there were mental health services on campus/offered by the college because i take my courses online. more advertising specifically for online students would be great.,"[{'start': 0, 'end': 194, 'aspects': ['Service Availability'], 'sentiments': ['Negative'], 'raw_label': 'Service Availability - Negative'}]"
688,"i find it difficult to schedule appointments during certain times of the semester with counselors, since all seem to be booked often.","[{'start': 0, 'end': 133, 'aspects': ['Service Availability'], 'sentiments': ['Negative'], 'raw_labels': ['Service Availability - Negative', 'Service Availability - Limitation', 'Service Availability - Limitation']}]"
689,caps does cool events with puppies. i think they need to have more professional therapists versuses low level ones.,"[{'start': 0, 'end': 35, 'aspects': ['Wellness Service'], 'sentiments': ['Positive'], 'raw_labels': ['Wellness Service - Positive', 'Wellness Service - Positive', 'Counseling Service - Positive']}, {'start': 35, 'end': 115, 'aspects': [], 'sentiments': [], 'raw_labels': ['Counseling Service - Negative', 'Therapy Service - Suggestion']}]"
690,i think they have decent programs in place but not many people know about them or actually access them ,"[{'start': 0, 'end': 42, 'aspects': ['On-campus Service'], 'sentiments': ['Positive'], 'raw_labels': ['On-campus Service - Positive', 'On-campus Service - Positive']}, {'start': 43, 'end': 103, 'aspects': [], 'sentiments': [], 'raw_labels': ['Service Availability - Negative', 'On-campus Service - Limitation']}]"
691,i feel the use of tele-health has been expanded during covid and can make a good impact ,"[{'start': 0, 'end': 88, 'aspects': ['Hotline Service'], 'sentiments': ['Positive'], 'raw_labels': ['Hotline Service - Positive', 'Hotline Service - Positive', 'Hotline Service - Positive']}]"
692,"i don't use the services, so i would not have a clue. but maybe improve group sessions or add them in.","[{'start': 0, 'end': 53, 'aspects': ['General'], 'sentiments': ['Neutral'], 'raw_labels': ['General - Neutral', 'General - Neutral']}, {'start': 54, 'end': 102, 'aspects': [], 'sentiments': [], 'raw_labels': ['Counseling Service - Suggestion', 'Therapy Service - Suggestion']}]"
693,"there are a lot of peer counseling resources which i like, but there should be more professional, in-person options.","[{'start': 0, 'end': 57, 'aspects': ['Counseling Service'], 'sentiments': ['Positive'], 'raw_labels': ['Counseling Service - Positive', 'Counseling Service - Positive', 'Counseling Service - Positive']}, {'start': 59, 'end': 116, 'aspects': ['Counseling Service'], 'sentiments': ['Negative'], 'raw_labels': ['Service Availability - Negative', 'Counseling Service - Suggestion', 'Counseling Service - Suggestion']}]"
694,not sure haven’t gotten any help. professors should be more understanding though,"[{'start': 0, 'end': 33, 'aspects': [], 'sentiments': [], 'raw_labels': ['General - Neutral', 'General - Negative']}, {'start': 34, 'end': 80, 'aspects': ['General'], 'sentiments': ['Negative'], 'raw_labels': ['General - Suggestion', 'General - Suggestion']}]"
695,"i know nothing of the mental health services offered on campus. 

even if i did, seeking them out would require me to pay even more for parking which already is a large financial stressor. ","[{'start': 0, 'end': 64, 'aspects': ['General'], 'sentiments': ['Neutral'], 'raw_label': 'General - Neutral'}]"
696,what’s working well is the on site availability of support however anything over the internet or phone can be hard to schedule with your time and to access making the appointments can be a bit tedious especially when you may want help but need it a bit sooner,"[{'start': 0, 'end': 59, 'aspects': ['On-campus Service'], 'sentiments': ['Positive'], 'raw_labels': ['On-campus Service - Positive', 'On-campus Service - Positive', 'Service Availability - Positive']}, {'start': 59, 'end': 259, 'aspects': ['Service Availability'], 'sentiments': ['Negative'], 'raw_labels': ['Service Availability - Limitation', 'Service Availability - Limitation']}]"
697,"caps, it is very difficult as a student and having professors seem to disregard mental health. perhaps flagging when a good student is failing, or isn’t showing up to classes. helping them?","[{'start': 0, 'end': 94, 'aspects': ['On-campus Service'], 'sentiments': ['Negative'], 'raw_label': 'On-campus Service - Negative'}]"
698,i have not used any of the mental health services provided by asu.,"[{'start': 0, 'end': 66, 'aspects': ['General'], 'sentiments': ['Neutral'], 'raw_labels': ['Mental Health Service - Neutral', 'General - Neutral', 'General - Neutral']}]"
699,having any type of therapist and someone to talk to about problems would be great,"[{'start': 0, 'end': 81, 'aspects': ['On-campus Service'], 'sentiments': ['Negative'], 'raw_label': 'On-campus Service - Negative'}]"
700,"i mean, you have to actively look for someone like a counselor to help you.. i only know of people because i'm close to some faculty.. so there's no way to really know they're there without seeking, but they are always available. ","[{'start': 0, 'end': 75, 'aspects': ['Counseling Service'], 'sentiments': ['Negative'], 'raw_labels': ['Counseling Service - Negative', 'Counseling Service - Negative', 'Counseling Service - Limitation']}, {'start': 77, 'end': 230, 'aspects': [], 'sentiments': [], 'raw_labels': ['Service Availability - Negative', 'Counseling Service - Limitation', 'Service Availability - Positive']}]"
701,"the college provides very limited mental health support. it is there for small issues, like friendship or homesickness. it is not for deep rooted issues or anything further than a little anxiety and depression","[{'start': 0, 'end': 56, 'aspects': ['Mental Health Service'], 'sentiments': ['Negative'], 'raw_labels': ['Mental Health Service - Negative', 'On-campus Service - Negative', 'Mental Health Service - Limitation']}]"
702,"they have counselors, but not enough to provide for the entire campus community. ","[{'start': 0, 'end': 81, 'aspects': ['Service Availability'], 'sentiments': ['Negative'], 'raw_labels': ['Counseling Service - Negative', 'Service Availability - Limitation', 'Service Availability - Limitation']}]"
703,more focus on professional stressors (ie. career and job) rather than social stressors,"[{'start': 0, 'end': 86, 'aspects': ['General'], 'sentiments': ['Negative'], 'raw_labels': ['Mental Health Service - Suggestion', 'General - Suggestion', 'General - Suggestion']}]"
704,"i can’t really say anything works well. i called our counseling center in spring 2021 and referred to an off campus online therapy service, had my appointments that i waited months for canceled twice. it was pretty disheartening ","[{'start': 40, 'end': 229, 'aspects': ['Counseling Service'], 'sentiments': ['Negative'], 'raw_labels': ['Counseling Service - Negative', 'Counseling Service - Negative']}, {'start': 0, 'end': 39, 'aspects': ['On-campus Service'], 'sentiments': ['Negative'], 'raw_labels': ['On-campus Service - Negative', 'On-campus Service - Negative']}]"
705,wvu has the carruth center that they frequently advertise. i’ve never visited it though so i’m not sure how good of a place it is.,"[{'start': 0, 'end': 130, 'aspects': ['On-campus Service'], 'sentiments': ['Neutral'], 'raw_label': 'On-campus Service - Neutral'}]"
706,i am more likely to attend telehealth service. i also would benefit from being able to obtain a prescription for anxiety. and for adhd services which aren’t offered.,"[{'start': 0, 'end': 46, 'aspects': ['Hotline Service'], 'sentiments': ['Positive'], 'raw_labels': ['Hotline Service - Positive', 'Hotline Service - Positive', 'Hotline Service - Positive']}, {'start': 122, 'end': 165, 'aspects': [], 'sentiments': [], 'raw_labels': ['Mental Health Service - Negative', 'Therapy Service - Limitation']}, {'start': 47, 'end': 165, 'aspects': ['Therapy Service'], 'sentiments': ['Negative'], 'raw_labels': ['Therapy Service - Suggestion', 'Therapy Service - Suggestion']}]"
707,honestly i don’t use any of the services the college provides but i’ve seen others complain about how they weren’t treated well by the staff,"[{'start': 66, 'end': 140, 'aspects': ['Counseling Service'], 'sentiments': ['Negative'], 'raw_label': 'Counseling Service - Negative'}]"
708,"free counseling is great, but it can still be hard to access and take a while to get  ","[{'start': 0, 'end': 24, 'aspects': ['Counseling Service'], 'sentiments': ['Positive'], 'raw_labels': ['Counseling Service - Positive', 'Counseling Service - Positive', 'Counseling Service - Positive']}, {'start': 26, 'end': 85, 'aspects': ['Service Availability'], 'sentiments': ['Negative'], 'raw_labels': ['Service Availability - Negative', 'Service Availability - Limitation', 'Service Availability - Limitation']}]"
709,"i have not been too concerned with the college’s mental health program since i work for the state and live in lincoln, both of which also have programs.","[{'start': 0, 'end': 152, 'aspects': ['General'], 'sentiments': ['Neutral'], 'raw_labels': ['General - Neutral', 'General - Neutral', 'General - Neutral']}]"
710,"communication about resources, costs. making appointments online or getting a consultation / evaluation ","[{'start': 38, 'end': 103, 'aspects': ['Service Availability'], 'sentiments': ['Negative'], 'raw_labels': ['Service Availability - Negative', 'Service Availability - Suggestion']}, {'start': 0, 'end': 38, 'aspects': [], 'sentiments': [], 'raw_labels': ['Mental Health Service - Positive', 'On-campus Service - Suggestion']}]"
711,i’ve had multiple friends who used caps and thought the service was very helpful!,"[{'start': 0, 'end': 81, 'aspects': ['Counseling Service'], 'sentiments': ['Positive'], 'raw_labels': ['On-campus Service - Positive', 'Counseling Service - Positive', 'Counseling Service - Positive']}]"
712,"i am not sure; i have not used any yet. i believe spreading information about services, specifically counseling services, should get more attention. maybe looking at doing in-person counseling should be looked at.","[{'start': 0, 'end': 148, 'aspects': [], 'sentiments': [], 'raw_labels': ['Service Availability - Negative', 'Mental Health Service - Suggestion', 'On-campus Service - Suggestion']}, {'start': 149, 'end': 213, 'aspects': ['Counseling Service'], 'sentiments': ['Negative'], 'raw_labels': ['Counseling Service - Suggestion', 'Counseling Service - Suggestion', 'Counseling Service - Suggestion']}, {'start': 0, 'end': 39, 'aspects': ['General'], 'sentiments': ['Neutral'], 'raw_labels': ['General - Neutral', 'General - Neutral']}]"
713,i like the availability of counseling and that it is at no charge — though have not used the service.,"[{'start': 0, 'end': 66, 'aspects': ['Counseling Service'], 'sentiments': ['Positive'], 'raw_labels': ['Counseling Service - Positive', 'Counseling Service - Positive']}, {'start': 68, 'end': 101, 'aspects': ['General'], 'sentiments': ['Neutral'], 'raw_labels': ['General - Neutral', 'General - Neutral']}]"
714,"i think it is great that we have caps, and i know lots of students use that services. i'm not sure how it is recently, but i know in the past it was nearly impossible to get an appointment, especially last minute. i think it is really great that we have a coordinator who can help students find off campus care and i wish that more people were open to that kind of thing. ","[{'start': 0, 'end': 85, 'aspects': ['Counseling Service'], 'sentiments': ['Positive'], 'raw_labels': ['On-campus Service - Positive', 'Counseling Service - Positive', 'Counseling Service - Positive']}, {'start': 86, 'end': 213, 'aspects': ['Service Availability'], 'sentiments': ['Negative'], 'raw_labels': ['Service Availability - Negative', 'Service Availability - Limitation', 'Service Availability - Negative']}, {'start': 214, 'end': 372, 'aspects': [], 'sentiments': [], 'raw_labels': ['On-campus Service - Positive', 'Counseling Service - Positive']}]"
715,"the counselors on campus are generally nice, but very, very busy. i’ve known people personally who have had very negative reports of how asu handles what they perceive to be an emergency. i think there needs to be professional victim advocates for people who have experienced sexual assault. ","[{'start': 0, 'end': 44, 'aspects': ['Counseling Service'], 'sentiments': ['Positive'], 'raw_labels': ['Counseling Service - Positive', 'Counseling Service - Positive', 'Counseling Service - Positive']}, {'start': 45, 'end': 187, 'aspects': ['Counseling Service'], 'sentiments': ['Negative'], 'raw_labels': ['Service Availability - Negative', 'Counseling Service - Negative', 'Counseling Service - Negative']}, {'start': 188, 'end': 292, 'aspects': [], 'sentiments': [], 'raw_labels': ['Wellness Service - Suggestion', 'General - Suggestion', 'On-campus Service - Suggestion']}]"
716,"great counsellors in the program, success coaches are really good at directing students towards these mental health resources.

i think having more money going towards mental health facilities would be a good idea as everyone's mental health has seemed to get a bit worse after the pandemic.","[{'start': 0, 'end': 126, 'aspects': [], 'sentiments': [], 'raw_labels': ['On-campus Service - Positive', 'Counseling Service - Positive', 'Mental Health Service - Positive']}, {'start': 128, 'end': 291, 'aspects': ['Mental Health Service'], 'sentiments': ['Negative'], 'raw_labels': ['Mental Health Service - Suggestion', 'On-campus Service - Suggestion', 'Mental Health Service - Suggestion']}]"
717,allow students to see their own counselors at a discount through the school,"[{'start': 0, 'end': 75, 'aspects': ['Counseling Service'], 'sentiments': ['Negative'], 'raw_label': 'Counseling Service - Negative'}]"
718,"as an online student, i have not received any information regarding mental health","[{'start': 0, 'end': 81, 'aspects': ['General'], 'sentiments': ['Negative'], 'raw_label': 'General - Negative'}]"
719,i don’t live on campus. so i don’t use any mental health help. ,"[{'start': 0, 'end': 63, 'aspects': ['General'], 'sentiments': ['Neutral'], 'raw_labels': ['General - Neutral', 'General - Neutral', 'General - Neutral']}]"
720,nothing works as well as it should.  we need more counselors and psychologists who will help and not collect an hourly coin as my friends share their issues with no guidance or resolve.,"[{'start': 37, 'end': 185, 'aspects': [], 'sentiments': [], 'raw_labels': ['Mental Health Service - Negative', 'Service Availability - Limitation', 'Counseling Service - Suggestion']}, {'start': 0, 'end': 36, 'aspects': ['On-campus Service'], 'sentiments': ['Negative'], 'raw_labels': ['On-campus Service - Negative', 'On-campus Service - Negative']}]"
721,"i am an online student living near chicago. aside from student-run groups and clubs, there doesn't seem to be as many options for online students who are in need of mental health and wellness services. i think that the school should increase the amount of options available to online students, and make an effort to clearly communicate those options to students so that they know there are options.","[{'start': 201, 'end': 398, 'aspects': [], 'sentiments': [], 'raw_labels': ['Service Availability - Suggestion', 'On-campus Service - Suggestion']}, {'start': 0, 'end': 201, 'aspects': ['On-campus Service'], 'sentiments': ['Negative'], 'raw_labels': ['On-campus Service - Limitation', 'On-campus Service - Negative']}]"
722,"the counseling services are great, i used it throughout the pandemic. knowing how to connect with counseling needs to be addressed","[{'start': 0, 'end': 69, 'aspects': ['Counseling Service'], 'sentiments': ['Positive'], 'raw_labels': ['Counseling Service - Positive', 'Counseling Service - Positive']}, {'start': 70, 'end': 130, 'aspects': ['Service Availability'], 'sentiments': ['Negative'], 'raw_labels': ['Service Availability - Negative', 'Mental Health Service - Suggestion', 'Service Availability - Suggestion']}]"
723,"there was an event for basic needs recently, which was helpful in pointing out resources.","[{'start': 0, 'end': 89, 'aspects': ['On-campus Service'], 'sentiments': ['Positive'], 'raw_labels': ['On-campus Service - Positive', 'Wellness Service - Positive', 'On-campus Service - Positive']}]"
724,"maybe something surrounding family. i know from experience that talking about your mental health and emotions isn’t something families to normally and it makes it extremely hard to open up, even to friends ","[{'start': 0, 'end': 206, 'aspects': ['General'], 'sentiments': ['Negative'], 'raw_labels': ['General - Suggestion', 'General - Suggestion', 'Counseling Service - Suggestion']}]"
725,"i would like to be able to have an actual therapist to talk to on campus. with teachers or counselors, i feel obligated to only gloss over my personal life and really focus on my academic needs. i feel as though that the health center does not help when it comes to referring students to a real therapist. ","[{'start': 0, 'end': 73, 'aspects': ['Therapy Service'], 'sentiments': ['Negative'], 'raw_labels': ['Therapy Service - Negative', 'Therapy Service - Suggestion', 'Counseling Service - Suggestion']}, {'start': 74, 'end': 194, 'aspects': ['Counseling Service'], 'sentiments': ['Negative'], 'raw_labels': ['Counseling Service - Negative', 'Counseling Service - Limitation', 'Counseling Service - Limitation']}, {'start': 195, 'end': 306, 'aspects': [], 'sentiments': [], 'raw_labels': ['Mental Health Service - Negative', 'Service Availability - Suggestion', 'Therapy Service - Limitation']}]"
726,we only have one counselor at the asia campus. she's nice but not every person works well with the same type of counselor.,"[{'start': 0, 'end': 122, 'aspects': ['Counseling Service'], 'sentiments': ['Negative'], 'raw_labels': ['Counseling Service - Negative', 'Counseling Service - Limitation']}, {'start': 0, 'end': 57, 'aspects': [], 'sentiments': [], 'raw_labels': ['Counseling Service - Positive', 'Counseling Service - Limitation']}]"
727,more access and awareness for guys seeking mental health and being comfortable with expressing themselves.,"[{'start': 0, 'end': 106, 'aspects': ['Mental Health Service'], 'sentiments': ['Negative'], 'raw_labels': ['Mental Health Service - Negative', 'Mental Health Service - Suggestion', 'Mental Health Service - Positive']}]"
728,"vcu needs to offer free, confidential therapy to students  who may not be able to afford a therapist or whose parents dont support the idea of therapy","[{'start': 0, 'end': 150, 'aspects': ['Therapy Service'], 'sentiments': ['Negative'], 'raw_labels': ['Therapy Service - Negative', 'On-campus Service - Suggestion', 'Therapy Service - Suggestion']}]"
729,"there is a lot that i don't use as i don't like to talk to people in person about my issues, but also don't want to put it online so it's a hard balance to follow, so more open about where and who i should talk to anonymously would be good.","[{'start': 164, 'end': 240, 'aspects': [], 'sentiments': [], 'raw_labels': ['On-campus Service - Suggestion', 'Mental Health Service - Suggestion']}, {'start': 0, 'end': 239, 'aspects': ['General'], 'sentiments': ['Negative'], 'raw_labels': ['General - Limitation', 'General - Suggestion']}]"
730,gathering more people to know each other. as a stress reliever and help each other out,"[{'start': 0, 'end': 86, 'aspects': ['General'], 'sentiments': ['Negative'], 'raw_label': 'General - Suggestion'}]"
731,"i think that there needs to be greater accessibility to on campus counseling and therapy. if it was easier to get an appointment, or talk to someone over the phone, it would be easier","[{'start': 0, 'end': 90, 'aspects': ['Service Availability'], 'sentiments': ['Negative'], 'raw_labels': ['Service Availability - Suggestion', 'Service Availability - Suggestion']}, {'start': 90, 'end': 183, 'aspects': [], 'sentiments': [], 'raw_labels': ['Service Availability - Suggestion', 'Counseling Service - Suggestion']}]"
732,i am not sure as i have not utilized the mental health/wellness services on campus. ,"[{'start': 0, 'end': 84, 'aspects': ['General'], 'sentiments': ['Neutral'], 'raw_labels': ['On-campus Service - Neutral', 'General - Neutral', 'General - Neutral']}]"
733,"it is widely known that if you need to see a counselor, it will take at least weeks to get you in if not a month or so. i think this is a big failing and students should be able to get support right away. you can always go to the caps office at any point for a one time visit but that is also hard to schedule and not widely advertised.","[{'start': 0, 'end': 336, 'aspects': ['Service Availability'], 'sentiments': ['Negative'], 'raw_labels': ['Service Availability - Negative', 'Service Availability - Limitation']}]"
734,"haven't used it to know--but from my impression limited attention is given to men/male issues due to sexism, and inability to address issues faced by christians being persecuted (for instance from own family)","[{'start': 0, 'end': 208, 'aspects': ['General'], 'sentiments': ['Negative'], 'raw_labels': ['General - Negative', 'General - Limitation', 'On-campus Service - Limitation']}]"
735,there are a good number of available resources but i feel like they should advertise them more. like tell people how (and in what situations) they can help.,"[{'start': 0, 'end': 156, 'aspects': ['Service Availability'], 'sentiments': ['Negative'], 'raw_label': 'Service Availability - Negative'}]"
736,i have not utilized any so i cannot speak on them at the moment.,"[{'start': 0, 'end': 64, 'aspects': ['General'], 'sentiments': ['Neutral'], 'raw_labels': ['General - Neutral', 'General - Neutral', 'General - Neutral']}]"
737,i haven’t used any of stony mental health resources so i’m not sure but based on other peoples experiences i believe they should have a 24 hour service with people who are more empathetic ,"[{'start': 0, 'end': 188, 'aspects': ['Hotline Service'], 'sentiments': ['Negative'], 'raw_labels': ['Hotline Service - Negative', 'Hotline Service - Suggestion', 'Hotline Service - Suggestion']}]"
738,im not sure. i havent really used my college's mental health services,"[{'start': 0, 'end': 69, 'aspects': ['General'], 'sentiments': ['Neutral'], 'raw_labels': ['Mental Health Service - Neutral', 'General - Neutral', 'General - Neutral']}]"
739,"peer counseling is advertised well. however, these are college aged peers. they don't know what they're doing. they should have a certification/program of some kind if they don't already","[{'start': 0, 'end': 35, 'aspects': [], 'sentiments': [], 'raw_labels': ['Service Availability - Positive', 'Mental Health Service - Positive', 'On-campus Service - Positive']}, {'start': 36, 'end': 186, 'aspects': ['Counseling Service'], 'sentiments': ['Negative'], 'raw_labels': ['Counseling Service - Negative', 'Counseling Service - Limitation']}]"
740,mental health services are not the best. i had to find resources outside of school.,"[{'start': 0, 'end': 83, 'aspects': ['Mental Health Service'], 'sentiments': ['Negative'], 'raw_labels': ['Mental Health Service - Negative', 'On-campus Service - Negative', 'Mental Health Service - Negative']}]"
741,once i was able to meet with a mental health counselor things looked better with my mental health. i was able to comfortably talk with my counselor and schedule regular sessions. my counselor also connected me to a case manager and through them i was able to find long-term therapy providers. i wish the counseling center had more staff. it seems mental health concerns are more prominent in college and with the pandemic. the soonest i was able to see my counselor the first time was a few weeks out from when i scheduled it. but sometimes people need support that isn't necessarily a dire emergency. ,"[{'start': 0, 'end': 292, 'aspects': ['Counseling Service'], 'sentiments': ['Positive'], 'raw_labels': ['Counseling Service - Positive', 'Counseling Service - Positive', 'Mental Health Service - Positive']}, {'start': 293, 'end': 602, 'aspects': ['Service Availability'], 'sentiments': ['Negative'], 'raw_labels': ['Service Availability - Negative', 'Service Availability - Limitation']}, {'start': 293, 'end': 336, 'aspects': ['Service Availability'], 'sentiments': ['Negative'], 'raw_labels': ['Service Availability - Suggestion', 'Service Availability - Suggestion']}]"
742,"i appreciate slcc efforts for inclusion and diversity. despite the fact that we still have a long way to go, i feel like slcc does the best job out of all major universities/colleges in the whole state. ","[{'start': 0, 'end': 203, 'aspects': ['On-campus Service'], 'sentiments': ['Positive'], 'raw_labels': ['On-campus Service - Positive', 'On-campus Service - Positive']}]"
743,"i’m glad that my school offers counseling and mental health services.  however, they are very difficult to get an appointment with and they are not available as a regular counselor.","[{'start': 0, 'end': 70, 'aspects': ['On-campus Service'], 'sentiments': ['Positive'], 'raw_labels': ['On-campus Service - Positive', 'On-campus Service - Positive', 'On-campus Service - Positive']}, {'start': 70, 'end': 181, 'aspects': ['Service Availability'], 'sentiments': ['Negative'], 'raw_labels': ['Service Availability - Negative', 'Service Availability - Limitation', 'Service Availability - Negative']}]"
744,i have not seen any or heard of any services that the college can offer for mental health.,"[{'start': 0, 'end': 90, 'aspects': ['On-campus Service'], 'sentiments': ['Negative'], 'raw_labels': ['On-campus Service - Negative', 'Mental Health Service - Limitation', 'On-campus Service - Negative']}]"
745,i haven’t personally tried to use them but i have heard other students say support is weak,"[{'start': 0, 'end': 90, 'aspects': ['On-campus Service'], 'sentiments': ['Negative'], 'raw_labels': ['On-campus Service - Negative', 'On-campus Service - Negative']}]"
746,"i have not sought out any counseling on campus simply for the lack of knowledge on how it works. i think a newsletter of some kind that shows where to go, who you will be seeing, how to schedule an appointment online with a provider, and programs available to students would be helpful. ","[{'start': 0, 'end': 287, 'aspects': ['Service Availability'], 'sentiments': ['Negative'], 'raw_label': 'Service Availability - Negative'}]"
747,i know there is counseling available for students. i don't know about any other services or what exactly counseling entails.,"[{'start': 0, 'end': 124, 'aspects': ['On-campus Service'], 'sentiments': ['Neutral'], 'raw_label': 'On-campus Service - Neutral'}]"
748,i feel that there needs to be more advertisements for the services they provide to students.,"[{'start': 0, 'end': 92, 'aspects': ['Service Availability'], 'sentiments': ['Negative'], 'raw_label': 'Service Availability - Negative'}]"
749,therapists are very high quality. there needs to be more of them so patient caseload per provider are not increased but more students can be seen.,"[{'start': 0, 'end': 34, 'aspects': ['Therapy Service'], 'sentiments': ['Positive'], 'raw_labels': ['Therapy Service - Positive', 'Therapy Service - Positive', 'Therapy Service - Positive']}, {'start': 34, 'end': 146, 'aspects': ['Service Availability'], 'sentiments': ['Negative'], 'raw_labels': ['Service Availability - Negative', 'Service Availability - Suggestion', 'Service Availability - Suggestion']}]"
750,i'm not sure.  i have never talked to anyone about mental health. ,"[{'start': 0, 'end': 66, 'aspects': ['General'], 'sentiments': ['Neutral'], 'raw_labels': ['Mental Health Service - Neutral', 'General - Neutral', 'General - Neutral']}]"
751,my understanding is that the barriers to getting mental health counseling at mac are annoyingly high ,"[{'start': 0, 'end': 101, 'aspects': ['Counseling Service'], 'sentiments': ['Negative'], 'raw_labels': ['Counseling Service - Negative', 'Counseling Service - Limitation', 'Counseling Service - Negative']}]"
752,"mindfulness programs provide great support. i don’t know the scope of umass’ mental health programs as i seek  services outside of the college, but i would imagine it is not fully staffed or funded. there should be more focus in that area. thank you for conducting this survey.","[{'start': 0, 'end': 43, 'aspects': ['Wellness Service'], 'sentiments': ['Positive'], 'raw_labels': ['Wellness Service - Positive', 'Wellness Service - Positive', 'Wellness Service - Positive']}, {'start': 43, 'end': 239, 'aspects': [], 'sentiments': [], 'raw_labels': ['Mental Health Service - Negative', 'Service Availability - Limitation', 'Counseling Service - Neutral']}]"
753,online counseling and i feel like the pressure and stress/anxiety needs to be paid more attention to,"[{'start': 0, 'end': 17, 'aspects': ['Counseling Service'], 'sentiments': ['Positive'], 'raw_labels': ['Counseling Service - Positive', 'Counseling Service - Positive']}, {'start': 0, 'end': 100, 'aspects': ['Mental Health Service'], 'sentiments': ['Negative'], 'raw_labels': ['Mental Health Service - Negative', 'General - Suggestion', 'Mental Health Service - Suggestion']}]"
754,i was refused mental health counseling on campus because i was not being and abused or risk for my life because they didn’t have enough staff,"[{'start': 0, 'end': 141, 'aspects': ['Service Availability'], 'sentiments': ['Negative'], 'raw_label': 'Service Availability - Negative'}]"
755,"they do a good job promating the mental health support and services, but i would like to see more awareness of other mental health issues other than depression and anxiety.","[{'start': 0, 'end': 67, 'aspects': ['Mental Health Service'], 'sentiments': ['Positive'], 'raw_labels': ['Mental Health Service - Positive', 'Mental Health Service - Positive', 'On-campus Service - Positive']}, {'start': 68, 'end': 172, 'aspects': [], 'sentiments': [], 'raw_labels': ['General - Negative', 'Mental Health Service - Suggestion', 'On-campus Service - Suggestion']}]"
756,"n/a

i am unaware of what services are provided by the school because i have not sought them out.","[{'start': 0, 'end': 97, 'aspects': ['General'], 'sentiments': ['Neutral'], 'raw_labels': ['General - Neutral', 'General - Neutral', 'General - Neutral']}]"
757,"i honestly think all of it is amazing so far, i visit the therapists and nurses a lot right now and it’s all been covered by tuition and fees. everyone is super friendly and i always leave feeling like i had everything taken care of","[{'start': 0, 'end': 232, 'aspects': ['Therapy Service'], 'sentiments': ['Positive'], 'raw_labels': ['On-campus Service - Positive', 'Therapy Service - Positive', 'Therapy Service - Positive']}, {'start': 143, 'end': 232, 'aspects': [], 'sentiments': [], 'raw_labels': ['On-campus Service - Positive', 'Therapy Service - Positive']}]"
758,people in crises were unable to even get appointments during the fall. that was unacceptable and the college needs to make sure it doesn't happen again. ,"[{'start': 0, 'end': 70, 'aspects': ['Service Availability'], 'sentiments': ['Negative'], 'raw_labels': ['Service Availability - Limitation', 'Service Availability - Limitation']}, {'start': 71, 'end': 151, 'aspects': ['Service Availability'], 'sentiments': ['Negative'], 'raw_labels': ['Service Availability - Suggestion', 'Service Availability - Negative']}]"
759,easier access to an actual therapist weather we pass the screening or not,"[{'start': 0, 'end': 73, 'aspects': ['Therapy Service'], 'sentiments': ['Negative'], 'raw_labels': ['Service Availability - Negative', 'Therapy Service - Suggestion', 'Therapy Service - Suggestion']}]"
760,"there is a counseling center with a few therapists, a psychiatrist, and a nurse practitioner. two of the therapists are white men, one is a black woman, and the rest are all white women. i see one of the white male therapists (because he is queer identifying and so am i - he’s the only queer identifying therapist). we definitely need more diverse staff. ","[{'start': 0, 'end': 186, 'aspects': ['Counseling Service'], 'sentiments': ['Neutral'], 'raw_label': 'Counseling Service - Neutral'}, {'start': 187, 'end': 355, 'aspects': ['Service Availability'], 'sentiments': ['Negative'], 'raw_label': 'Service Availability - Negative'}]"
761,"i felt like the school just kinda pushed my mental health aside when i met with a counselor. they just referred me to a therapy group in the town, but i couldn’t go there due to insurance","[{'start': 0, 'end': 92, 'aspects': ['Counseling Service'], 'sentiments': ['Negative'], 'raw_labels': ['Counseling Service - Negative', 'Counseling Service - Limitation']}, {'start': 93, 'end': 187, 'aspects': [], 'sentiments': [], 'raw_labels': ['On-campus Service - Negative', 'Therapy Service - Limitation']}]"
762,"put more about getting mental health help/counseling options on the volstate website (or make it easier to find, because i still struggle to find helpful info of who to talk to)","[{'start': 0, 'end': 177, 'aspects': ['Service Availability'], 'sentiments': ['Negative'], 'raw_label': 'Service Availability - Negative'}]"
763,i am an online student so i am unsure what services are offered on the campus.,"[{'start': 0, 'end': 78, 'aspects': ['On-campus Service'], 'sentiments': ['Neutral'], 'raw_labels': ['On-campus Service - Neutral', 'General - Neutral', 'On-campus Service - Neutral']}]"
764,i only know of one mental health employee but do not know how to reach them or what to do. the therapy they provide is also catholic based which i am not,"[{'start': 0, 'end': 90, 'aspects': ['Service Availability'], 'sentiments': ['Negative'], 'raw_labels': ['Service Availability - Negative', 'Mental Health Service - Limitation', 'Service Availability - Limitation']}, {'start': 91, 'end': 153, 'aspects': ['Therapy Service'], 'sentiments': ['Negative'], 'raw_labels': ['Therapy Service - Negative', 'General - Limitation', 'Therapy Service - Limitation']}]"
765," mainly one counselor, jasmine, has been helpful. need more services/talks about nutrition/body image for students of color and athletes of color because elizabeth allred is not a safe space to discuss either of those.","[{'start': 0, 'end': 49, 'aspects': ['Counseling Service'], 'sentiments': ['Positive'], 'raw_labels': ['Counseling Service - Positive', 'Counseling Service - Positive', 'Counseling Service - Positive']}, {'start': 50, 'end': 218, 'aspects': ['Wellness Service'], 'sentiments': ['Negative'], 'raw_labels': ['Service Availability - Negative', 'Wellness Service - Suggestion', 'Wellness Service - Suggestion']}]"
766,"caps is working particularly well, but only for short-term issues. i wish there was a better option for long-term therapy with less focus on doing well academically and a bigger focus on holistic outlooks","[{'start': 0, 'end': 33, 'aspects': ['On-campus Service'], 'sentiments': ['Positive'], 'raw_label': 'On-campus Service - Positive'}, {'start': 35, 'end': 204, 'aspects': ['Service Availability'], 'sentiments': ['Negative'], 'raw_label': 'Service Availability - Negative'}]"
767,i believe that fiu has great mental health and wellness programs overall. i just find it a bit difficult to have access to them. i wish i could just call and be able to speak to a therapist about what i am feeling and what is going on in my life.,"[{'start': 0, 'end': 74, 'aspects': ['On-campus Service'], 'sentiments': ['Positive'], 'raw_labels': ['On-campus Service - Positive', 'On-campus Service - Positive', 'On-campus Service - Positive']}, {'start': 74, 'end': 246, 'aspects': [], 'sentiments': [], 'raw_labels': ['Service Availability - Negative', 'Hotline Service - Suggestion', 'Therapy Service - Suggestion']}, {'start': 74, 'end': 128, 'aspects': ['Service Availability'], 'sentiments': ['Negative'], 'raw_labels': ['Service Availability - Limitation', 'Service Availability - Limitation']}]"
768,im really unfamiliar with the success of the schools mental health services ,"[{'start': 0, 'end': 75, 'aspects': ['Mental Health Service'], 'sentiments': ['Neutral'], 'raw_label': 'Mental Health Service - Neutral'}]"
769,i am not familiar with the services offered by the school except that i know there are some available.,"[{'start': 0, 'end': 102, 'aspects': ['On-campus Service'], 'sentiments': ['Neutral'], 'raw_label': 'On-campus Service - Neutral'}]"
770,i have consistently been very pleased with the mental health support that uwrf has provided me. the one thing that i wish that you guys would do is establish and maintain connections with local deliverance ministries so that people like me would know which ministries are available.,"[{'start': 0, 'end': 95, 'aspects': ['Mental Health Service'], 'sentiments': ['Positive'], 'raw_labels': ['Mental Health Service - Positive', 'On-campus Service - Positive', 'Mental Health Service - Positive']}, {'start': 96, 'end': 282, 'aspects': ['Wellness Service'], 'sentiments': ['Negative'], 'raw_labels': ['Wellness Service - Suggestion', 'Wellness Service - Suggestion', 'General - Suggestion']}]"
771,"there are plenty of resources that are helpful like a certain amount t of free counseling sessions, but the staff are not diverse which does not help any students that would like to talk to someone they feel they can relate to","[{'start': 0, 'end': 100, 'aspects': ['Counseling Service'], 'sentiments': ['Positive'], 'raw_labels': ['Counseling Service - Positive', 'Counseling Service - Positive', 'On-campus Service - Positive']}, {'start': 100, 'end': 226, 'aspects': [], 'sentiments': [], 'raw_labels': ['Counseling Service - Negative', 'Service Availability - Limitation', 'On-campus Service - Suggestion']}]"
772,there is often a large wait for people who are seeking counseling. ,"[{'start': 0, 'end': 66, 'aspects': ['Service Availability'], 'sentiments': ['Negative'], 'raw_labels': ['Counseling Service - Negative', 'Service Availability - Limitation', 'Service Availability - Limitation']}]"
773,it takes way to long to schedule an appointment with a therapist or a counselor,"[{'start': 0, 'end': 79, 'aspects': ['Service Availability'], 'sentiments': ['Negative'], 'raw_labels': ['Service Availability - Negative', 'Service Availability - Limitation', 'Service Availability - Limitation']}]"
774,"i feel that at first the group therapy was helpful as a stress relief, but eventually it became an anxiety of having to participate and eventually feeling uncomfortable in that environment sharing my personal issues. ","[{'start': 0, 'end': 217, 'aspects': ['Therapy Service'], 'sentiments': ['Negative'], 'raw_labels': ['Therapy Service - Negative', 'Therapy Service - Limitation', 'Therapy Service - Limitation']}, {'start': 0, 'end': 70, 'aspects': ['Therapy Service'], 'sentiments': ['Positive'], 'raw_labels': ['Therapy Service - Positive', 'Therapy Service - Positive']}]"
775,"being able to get support via telecounseling is great. however, the process was very protracted, and i think it should be more accessible.","[{'start': 0, 'end': 54, 'aspects': [], 'sentiments': [], 'raw_labels': ['Counseling Service - Positive', 'Hotline Service - Positive', 'On-campus Service - Positive']}, {'start': 55, 'end': 138, 'aspects': ['Service Availability'], 'sentiments': ['Negative'], 'raw_labels': ['Service Availability - Negative', 'Service Availability - Limitation', 'On-campus Service - Limitation']}]"
776,the pet therapy program is not as effective (i've heard) as the university hoped for. most people are disappointed that money is going towards this than expanding counseling services.,"[{'start': 0, 'end': 86, 'aspects': ['Wellness Service'], 'sentiments': ['Negative'], 'raw_labels': ['Wellness Service - Negative', 'Wellness Service - Limitation']}, {'start': 86, 'end': 183, 'aspects': ['On-campus Service'], 'sentiments': ['Negative'], 'raw_labels': ['On-campus Service - Negative', 'On-campus Service - Limitation']}]"
777,gw and professors need to be more understanding and accommodating to students struggling with mental health instead of telling them to quit.,"[{'start': 0, 'end': 140, 'aspects': ['General'], 'sentiments': ['Negative'], 'raw_labels': ['General - Negative', 'General - Negative', 'General - Suggestion']}]"
778,"pal hotline is good, need more counselors since they often get booked","[{'start': 0, 'end': 21, 'aspects': ['Hotline Service'], 'sentiments': ['Positive'], 'raw_labels': ['Hotline Service - Positive', 'Hotline Service - Positive', 'Hotline Service - Positive']}, {'start': 21, 'end': 69, 'aspects': ['Service Availability'], 'sentiments': ['Negative'], 'raw_labels': ['Service Availability - Negative', 'Service Availability - Suggestion', 'Counseling Service - Suggestion']}]"
779,"to be honest, they always say there are opportunities, but i've heard plenty of horror stories from both uhs psych and bad experiences at caps that i hesitate to rely on them","[{'start': 0, 'end': 174, 'aspects': ['On-campus Service'], 'sentiments': ['Negative'], 'raw_labels': ['On-campus Service - Negative', 'On-campus Service - Negative', 'General - Limitation']}]"
780,the whole counseling program is seriously understaffed and ineffective. did not feel supported or heard at all. ,"[{'start': 0, 'end': 111, 'aspects': ['Service Availability'], 'sentiments': ['Negative'], 'raw_labels': ['Counseling Service - Negative', 'Service Availability - Limitation', 'Service Availability - Limitation']}]"
781,"on campus counseling does well

ub police office mental health training needs more attention","[{'start': 0, 'end': 30, 'aspects': ['Counseling Service'], 'sentiments': ['Positive'], 'raw_labels': ['Counseling Service - Positive', 'Counseling Service - Positive', 'Counseling Service - Positive']}, {'start': 32, 'end': 92, 'aspects': ['Mental Health Service'], 'sentiments': ['Negative'], 'raw_labels': ['Mental Health Service - Negative', 'Wellness Service - Suggestion', 'Mental Health Service - Suggestion']}]"
782,i really don't know. i don't look to the campus for mental health help.,"[{'start': 0, 'end': 71, 'aspects': ['General'], 'sentiments': ['Neutral'], 'raw_labels': ['General - Neutral', 'General - Neutral', 'On-campus Service - Neutral']}]"
783,i think they only advertise the resources when a bad event happens.,"[{'start': 0, 'end': 67, 'aspects': ['General'], 'sentiments': ['Negative'], 'raw_label': 'General - Negative'}]"
784,i haven't used any mental health services on campus so i can't really answer that question. i think one thing that needs to be focused on more is just overall loneliness.,"[{'start': 0, 'end': 91, 'aspects': ['General'], 'sentiments': ['Neutral'], 'raw_labels': ['General - Neutral', 'General - Neutral', 'On-campus Service - Neutral']}, {'start': 92, 'end': 170, 'aspects': [], 'sentiments': [], 'raw_labels': ['General - Suggestion', 'Counseling Service - Suggestion']}]"
785,"the college has a lot of services but medical intervention is typically a band aid for other deeply rooted problems. this is not a college-specific issue, however","[{'start': 0, 'end': 162, 'aspects': ['General'], 'sentiments': ['Negative'], 'raw_labels': ['Mental Health Service - Negative', 'General - Suggestion', 'General - Limitation']}]"
786,"i think it’s great that we have caps, but i don’t think that it’s big enough to service everyone who would benefit from it.  i’ve heard from many people that they waited months to get an initial appointment, which has caused me to skip that resource entirely and search for off campus options.  i’m lucky to have that option, but i know many students don’t.","[{'start': 0, 'end': 36, 'aspects': [], 'sentiments': [], 'raw_labels': ['On-campus Service - Positive', 'Counseling Service - Positive']}, {'start': 37, 'end': 293, 'aspects': ['Service Availability'], 'sentiments': ['Negative'], 'raw_labels': ['Service Availability - Negative', 'Service Availability - Limitation', 'Service Availability - Limitation']}, {'start': 295, 'end': 357, 'aspects': [], 'sentiments': [], 'raw_labels': ['General - Limitation', 'General - Positive']}]"
787,there are not enough counselors so i have heard it is hard to have appointments at a necessary frequency. ,"[{'start': 0, 'end': 106, 'aspects': ['Service Availability'], 'sentiments': ['Negative'], 'raw_labels': ['Service Availability - Negative', 'Service Availability - Limitation', 'Service Availability - Limitation']}]"
788,i didn’t have issues with my mental health so i didn’t have to look it up. ,"[{'start': 0, 'end': 75, 'aspects': ['General'], 'sentiments': ['Neutral'], 'raw_labels': ['General - Neutral', 'General - Neutral', 'On-campus Service - Neutral']}]"
789,my college works well in communicating about the various mental health resources on campus. more attention is needed to expanding the mental health department in its diversity. ,"[{'start': 0, 'end': 91, 'aspects': ['On-campus Service'], 'sentiments': ['Positive'], 'raw_labels': ['On-campus Service - Positive', 'Mental Health Service - Positive', 'On-campus Service - Positive']}, {'start': 91, 'end': 177, 'aspects': ['Mental Health Service'], 'sentiments': ['Negative'], 'raw_labels': ['Mental Health Service - Negative', 'Service Availability - Suggestion', 'Mental Health Service - Suggestion']}]"
790,"reaching out to the students, not a lot of people are aware of the facilities provided by the university.","[{'start': 0, 'end': 105, 'aspects': ['Service Availability'], 'sentiments': ['Negative'], 'raw_label': 'Service Availability - Negative'}]"
791,having more sessions since it takes a while to talk to someone be known ,"[{'start': 0, 'end': 71, 'aspects': ['Service Availability'], 'sentiments': ['Negative'], 'raw_labels': ['Service Availability - Negative', 'Service Availability - Suggestion', 'Counseling Service - Suggestion']}]"
792,there are no resources (that i know of) to help students with eating didorders,"[{'start': 0, 'end': 78, 'aspects': ['On-campus Service'], 'sentiments': ['Negative'], 'raw_labels': ['Mental Health Service - Negative', 'On-campus Service - Limitation', 'On-campus Service - Negative']}]"
793,we need more wellness days and the university needs to acknowledge that. doing a schoolwide thing that is not on university day and where are the support groups on campus ,"[{'start': 0, 'end': 127, 'aspects': ['Wellness Service'], 'sentiments': ['Negative'], 'raw_label': 'Wellness Service - Negative'}, {'start': 132, 'end': 170, 'aspects': ['On-campus Service'], 'sentiments': ['Negative'], 'raw_label': 'On-campus Service - Negative'}]"
